id,year
3416,2000.0
18991,2003.0
11105,1998.0
18902,2001.0
18958,2003.0
8132,2006.0
4442,2002.0
5562,2004.0
16836,2007.0
3555,2002.0
1836,2000.0
5999,2005.0
6198,1995.0
17426,2007.0
13323,2003.0
7473,2007.0
9635,2005.0
6781,1986.0
2460,2003.0
3439,1988.0
9435,2004.0
11001,1997.0
11872,1995.0
18084,2003.0
14233,1999.0
7146,2005.0
4775,1999.0
5369,1985.0
6176,2001.0
7436,2001.0
19646,1985.0
9053,1987.0
4184,1999.0
12471,1999.0
14698,2004.0
7315,2005.0
14120,2002.0
4208,1996.0
4081,2005.0
11136,2002.0
2987,1988.0
19737,1983.0
5798,1989.0
8564,2002.0
14459,1977.0
12543,1999.0
17304,1987.0
11507,1985.0
5050,2001.0
3306,2002.0
15196,2003.0
13905,1999.0
10326,1992.0
16654,2000.0
16105,1998.0
12049,2001.0
2786,1998.0
7759,2000.0
14592,2005.0
13693,2003.0
11532,2002.0
8187,1996.0
1715,2003.0
1723,1991.0
11800,2003.0
5102,2001.0
11349,2000.0
18514,2004.0
2101,2001.0
9061,1999.0
16302,2006.0
12194,2002.0
4298,2006.0
13035,2001.0
12946,1998.0
5370,1992.0
7226,2000.0
4449,2003.0
15965,2000.0
812,1987.0
3071,2002.0
18910,2005.0
16360,1996.0
1776,1990.0
6134,2007.0
12694,2005.0
7327,2008.0
18694,2001.0
18051,2000.0
3718,2001.0
18600,1997.0
7976,2006.0
10430,2000.0
4385,2004.0
11698,2003.0
19617,2004.0
19927,2003.0
3642,1997.0
19053,2003.0
1578,1998.0
17202,2005.0
15508,2002.0
1504,1967.0
9520,1995.0
16542,2005.0
4704,1976.0
2104,2006.0
6414,2005.0
3415,2002.0
2453,2009.0
3538,2002.0
2726,1992.0
8996,2000.0
11821,2003.0
8466,2000.0
19722,2001.0
6864,2006.0
12664,1995.0
19154,2001.0
6015,2004.0
2394,1998.0
12328,1998.0
10996,2006.0
15952,2001.0
12252,1998.0
7309,2000.0
7641,2005.0
17101,1992.0
1405,2001.0
6224,2003.0
9300,1995.0
2538,1999.0
6679,2005.0
2107,1995.0
12056,1999.0
15814,2002.0
15354,2003.0
4997,2003.0
14460,2000.0
6818,1995.0
11501,2005.0
19972,1988.0
15469,2003.0
11863,1992.0
14973,2003.0
18089,1995.0
16367,2001.0
18461,2001.0
12188,1993.0
8234,2005.0
10730,2002.0
4830,2003.0
10361,1998.0
5039,2002.0
6836,2000.0
15753,1994.0
3699,2001.0
14767,1995.0
12192,2001.0
4100,2002.0
1619,2002.0
10221,2003.0
19257,2005.0
8630,2003.0
14510,2002.0
14963,2001.0
16126,2008.0
17390,1987.0
18254,2001.0
10532,2008.0
17820,2007.0
14023,2001.0
5833,2003.0
19422,2005.0
1630,2005.0
16179,2002.0
2283,2000.0
13096,2004.0
5805,2004.0
14928,1986.0
1246,1999.0
8760,2001.0
14543,1998.0
14636,2003.0
2427,2002.0
613,1996.0
11219,2000.0
6108,1999.0
4089,2001.0
8359,1992.0
10945,2004.0
7068,2005.0
16612,2003.0
2370,2004.0
16780,2002.0
7060,1991.0
6025,1994.0
864,2006.0
17858,2005.0
9889,1997.0
9173,2001.0
17582,1991.0
1108,1992.0
18714,1994.0
15791,1994.0
1479,2002.0
18361,2001.0
14787,1990.0
9181,1992.0
8586,1987.0
19658,2003.0
4012,2003.0
12323,2004.0
4377,1985.0
13347,2001.0
18908,2001.0
14699,2004.0
11786,2004.0
4116,2003.0
16608,2000.0
0,2000.0
14367,1988.0
12282,2004.0
6005,1996.0
1933,1988.0
14803,1995.0
11720,2006.0
14932,1999.0
11767,2004.0
14758,2003.0
1521,2002.0
11487,2000.0
10181,2000.0
1682,2004.0
9271,1994.0
8294,2001.0
13138,1996.0
11458,2002.0
9844,2002.0
11153,1993.0
6663,1987.0
1419,2003.0
10589,1981.0
9355,2002.0
5287,1983.0
6163,2004.0
9376,1993.0
13276,2001.0
3269,2002.0
12618,1998.0
964,2004.0
16139,2000.0
10824,1993.0
18392,2000.0
17141,1993.0
1858,1978.0
12021,2003.0
12948,1992.0
9613,2003.0
17838,1999.0
14849,2001.0
4061,1998.0
14837,1987.0
9646,1993.0
19584,1981.0
3823,2002.0
5309,2000.0
5767,1994.0
12939,1997.0
14359,1999.0
16646,1994.0
9894,2005.0
249,1996.0
3878,1999.0
15336,2006.0
10238,2000.0
11638,2005.0
1823,2001.0
19007,1983.0
7540,2001.0
15062,2002.0
6437,2001.0
10229,2000.0
19094,2006.0
5528,2001.0
18522,1996.0
12385,2004.0
11172,2000.0
4507,2000.0
4671,2010.0
10612,2006.0
7622,2000.0
1482,2004.0
1102,1994.0
6579,1999.0
13838,1998.0
15559,2004.0
14538,1994.0
16882,2003.0
13041,2002.0
8120,2008.0
9521,1999.0
5402,2003.0
8557,1979.0
17134,1993.0
17636,1992.0
4297,1999.0
17664,2002.0
9886,2006.0
7345,2004.0
5650,1990.0
7394,2001.0
9415,2004.0
16686,2004.0
7426,1982.0
8703,1990.0
1790,1999.0
19025,1994.0
17442,2005.0
19978,1997.0
10390,1988.0
1894,2003.0
14100,1994.0
8409,1996.0
7605,1996.0
6914,1982.0
10628,1993.0
3191,2002.0
8965,2005.0
15065,1995.0
9935,1988.0
7411,1999.0
2179,1997.0
9027,1976.0
19182,1996.0
13197,1996.0
3833,1999.0
8908,1999.0
14071,2000.0
8970,1985.0
11749,2002.0
10568,2006.0
1186,1985.0
17393,2005.0
6532,2000.0
14662,2001.0
14332,2004.0
12678,2002.0
17245,1984.0
4692,2003.0
16112,2004.0
3597,1989.0
19840,2004.0
13608,2003.0
10033,1984.0
2768,2000.0
840,2002.0
9943,1990.0
10605,2002.0
313,1994.0
7532,2006.0
6883,1985.0
871,1988.0
2147,2007.0
19249,1989.0
3913,2004.0
11523,2004.0
13791,2004.0
7091,2006.0
17590,2003.0
16947,2000.0
182,2002.0
4713,1987.0
15404,2002.0
11694,1999.0
12688,1990.0
18847,2003.0
1544,2001.0
11394,2001.0
12118,1990.0
7449,2001.0
14232,2003.0
15852,2004.0
11099,1988.0
1226,2002.0
4697,2004.0
19304,1988.0
18441,2002.0
16114,1992.0
13985,2000.0
10012,1995.0
12917,2002.0
4641,2002.0
14300,2002.0
3587,1993.0
337,2001.0
14892,2005.0
3410,2002.0
18349,2004.0
10299,2005.0
5604,2000.0
2901,2005.0
19903,1997.0
2011,1981.0
413,1999.0
8448,1996.0
3273,2003.0
6449,2002.0
5125,1999.0
712,2002.0
14440,2002.0
6944,2001.0
1470,1998.0
8159,1984.0
8091,2005.0
10312,2000.0
7324,2004.0
600,2000.0
5286,2006.0
678,1997.0
13130,1991.0
8196,1989.0
17342,2001.0
12389,1994.0
18033,2002.0
19791,2004.0
1044,1995.0
1532,1984.0
15044,1990.0
16331,2003.0
10192,1985.0
9655,2004.0
4834,2004.0
11762,1999.0
7861,2003.0
9468,2004.0
14682,2007.0
19873,1998.0
10071,1999.0
19113,2004.0
12490,2001.0
1637,1984.0
8030,2007.0
4465,2000.0
3372,1986.0
18190,2002.0
2946,1990.0
14148,2004.0
10028,2005.0
1343,2004.0
2103,2005.0
11781,1984.0
6892,2001.0
8246,2005.0
14938,1989.0
7250,2003.0
11730,2000.0
8287,2001.0
8434,1989.0
13131,1989.0
8963,2000.0
15584,2006.0
14174,1997.0
2770,1999.0
10635,1999.0
4172,2002.0
16218,2005.0
1720,1999.0
8834,1993.0
17690,2005.0
6306,2008.0
18487,2002.0
10109,2002.0
18710,1995.0
7753,2003.0
3818,1998.0
2994,2002.0
17926,1997.0
16592,1979.0
4930,1983.0
17391,1989.0
552,2006.0
103,2006.0
5437,2003.0
13481,1993.0
16783,1991.0
17183,2007.0
10084,2006.0
14714,2002.0
18317,2003.0
10959,2002.0
13800,2001.0
12659,2002.0
18838,2003.0
19809,1996.0
12880,2003.0
2575,2003.0
10164,2004.0
11509,2002.0
6977,2006.0
8272,2003.0
9729,2001.0
5764,2002.0
17930,1999.0
7987,1991.0
3593,2003.0
11948,1997.0
6680,1996.0
12813,2002.0
17666,2004.0
18370,2003.0
14447,2004.0
10733,2002.0
14683,2003.0
12064,2005.0
12066,1998.0
3558,1992.0
18311,2007.0
18717,1981.0
11180,2005.0
1266,2000.0
614,2003.0
7831,2000.0
9431,1988.0
14284,1992.0
12909,2003.0
11472,2001.0
3763,2000.0
8256,1999.0
13986,2007.0
18115,1999.0
15200,1984.0
17538,1986.0
6060,1998.0
7123,2003.0
10691,2003.0
12238,2006.0
302,1972.0
16072,2001.0
15542,2001.0
540,1999.0
16637,2000.0
1601,2003.0
5081,1998.0
18656,2002.0
8587,1998.0
9325,2000.0
8124,2003.0
16895,2005.0
1683,1991.0
4936,2007.0
19188,2004.0
16736,2002.0
17196,1999.0
12393,1985.0
9852,2002.0
16412,2003.0
12174,2002.0
14302,2001.0
13931,2005.0
973,1996.0
422,1999.0
10039,1995.0
8146,2007.0
19029,2005.0
7014,1999.0
230,2004.0
10443,2000.0
17947,1988.0
8602,1993.0
3117,2003.0
18913,1994.0
2440,2003.0
5500,1987.0
8893,1995.0
15607,2003.0
6205,2003.0
3504,1976.0
11090,2003.0
8830,1996.0
2670,2000.0
3668,1999.0
14311,1998.0
16405,1985.0
9717,1995.0
13511,2000.0
16434,2006.0
6047,1996.0
8962,2002.0
17392,2001.0
16980,1993.0
7352,1982.0
8591,2000.0
11835,1994.0
19614,2008.0
10535,1997.0
14503,2002.0
10839,1998.0
14555,2006.0
8713,1994.0
9146,1993.0
2588,2002.0
9288,2006.0
13376,1988.0
12462,1989.0
9129,1989.0
556,1994.0
8166,1999.0
19950,2003.0
15724,1987.0
6330,2000.0
18118,2002.0
12823,2004.0
8590,2003.0
7509,1997.0
3487,2003.0
8240,1995.0
2186,1997.0
6855,1992.0
5867,2004.0
10051,1994.0
12311,2000.0
10442,2010.0
6748,1994.0
15136,2002.0
845,1997.0
14560,2002.0
16663,2005.0
19760,2005.0
17341,1999.0
451,1988.0
5360,1989.0
18846,2004.0
2085,2005.0
10387,2003.0
2744,1976.0
3655,2000.0
19031,2008.0
8302,2004.0
8506,1997.0
10372,2002.0
3425,1998.0
3551,2004.0
12860,1993.0
17822,2006.0
19505,1989.0
11335,1994.0
7269,1994.0
15612,2004.0
10987,1990.0
176,1984.0
47,2002.0
10638,2004.0
17302,2005.0
5207,1997.0
3422,2004.0
7561,1997.0
3332,2000.0
7462,2003.0
19693,2005.0
1018,1999.0
5881,1993.0
8750,1993.0
3042,2001.0
13789,2002.0
11334,2005.0
10008,2003.0
3061,2002.0
17153,2002.0
15159,2005.0
9069,1988.0
1079,2000.0
19098,1999.0
3387,1985.0
15177,2001.0
18325,1994.0
14048,2001.0
18181,2003.0
19907,1996.0
7979,2002.0
503,2006.0
16210,1995.0
15647,1999.0
100,1995.0
6641,2004.0
4597,2003.0
3344,2005.0
1357,1995.0
9188,2003.0
6984,2003.0
5813,2003.0
3434,2003.0
15199,1983.0
7900,2001.0
11928,2005.0
17020,1997.0
2387,2001.0
12626,1984.0
5396,1982.0
10182,1994.0
7736,1996.0
16514,2008.0
10335,2002.0
7587,2001.0
11721,2005.0
1487,1997.0
19269,2000.0
13844,2000.0
2023,1980.0
15019,2000.0
5907,1999.0
12386,2004.0
18374,1996.0
7332,2004.0
10688,2007.0
11853,1985.0
4666,1980.0
10245,2002.0
6759,1998.0
2616,2006.0
4772,2003.0
11514,2002.0
4526,2002.0
905,2003.0
6658,2005.0
11026,1976.0
7936,2000.0
14961,1998.0
8959,2004.0
14312,2001.0
10735,1999.0
10491,1999.0
14842,2002.0
11538,2004.0
12430,2001.0
5857,2000.0
5777,1990.0
14087,2000.0
3976,2004.0
19064,2001.0
3836,1999.0
8501,2002.0
9115,2004.0
18133,2000.0
9016,2004.0
3901,2004.0
19076,2004.0
11223,1988.0
16749,2005.0
2289,1989.0
17593,2002.0
887,2003.0
17671,1987.0
10772,2004.0
4361,1999.0
6142,1982.0
15001,1999.0
14381,2003.0
12762,1995.0
11389,1986.0
4085,2003.0
3297,1988.0
15025,2000.0
9634,2002.0
16571,2002.0
16293,2006.0
17412,2005.0
14815,2002.0
16251,1993.0
10610,2006.0
9232,2000.0
19668,2000.0
3531,2000.0
9695,1987.0
17162,2000.0
10155,2005.0
18335,2000.0
140,2003.0
19095,2004.0
4730,1999.0
11137,2003.0
5483,2002.0
8694,2001.0
19216,1991.0
3882,2008.0
19121,1998.0
9529,2005.0
16842,1988.0
6136,1997.0
14739,1996.0
18014,2001.0
2669,2003.0
4754,1993.0
13319,2007.0
465,2003.0
12141,2002.0
7751,1998.0
10634,2000.0
15804,2000.0
9768,1997.0
2526,2001.0
19503,2001.0
12191,1992.0
4289,1988.0
12535,2000.0
6712,2003.0
3206,2002.0
10847,2006.0
19581,1992.0
16698,1994.0
5852,2002.0
2838,1996.0
9671,2003.0
18947,1995.0
17610,2002.0
8235,2009.0
4252,2004.0
11993,1994.0
18022,2007.0
3900,2005.0
10374,2001.0
4318,2003.0
9466,2000.0
5254,1986.0
14053,1986.0
16563,1998.0
10613,2005.0
5047,2005.0
6798,1988.0
18400,2005.0
18738,1978.0
5692,2003.0
12329,2003.0
15250,2004.0
6290,2001.0
2882,2005.0
12434,2000.0
19596,2004.0
11368,2005.0
10018,2004.0
12890,1982.0
17542,1993.0
6327,2002.0
1837,2004.0
18651,2003.0
4770,2002.0
2419,2002.0
12363,2003.0
7791,1999.0
4677,1997.0
11602,2004.0
2439,2000.0
14201,1986.0
12725,1998.0
9711,1999.0
4005,2005.0
3898,2004.0
16241,1995.0
15763,2005.0
16277,2003.0
17006,1997.0
10890,2000.0
3561,1975.0
5206,2002.0
11976,1995.0
19439,2004.0
2870,1998.0
11820,1993.0
8705,2002.0
7219,2004.0
10449,2000.0
6701,2003.0
12179,1996.0
9240,1987.0
6475,1994.0
12410,2004.0
16282,2005.0
7362,2000.0
1887,1996.0
8279,1999.0
10334,2000.0
19014,1991.0
8381,1998.0
11455,1984.0
15978,1986.0
9532,1997.0
10059,1990.0
12822,1977.0
10541,2003.0
18230,1989.0
4312,1995.0
11708,2001.0
1407,2003.0
2276,2005.0
16292,2002.0
14865,2006.0
5575,2002.0
13957,1979.0
14413,2000.0
2997,2001.0
18232,1990.0
1088,1995.0
15431,1998.0
8896,2004.0
14840,2003.0
14453,2004.0
7303,2003.0
1458,2002.0
700,2000.0
15830,1998.0
18644,2006.0
19232,2000.0
11421,2007.0
9025,2001.0
1232,1988.0
1104,2004.0
12473,2004.0
11186,2003.0
2562,1995.0
4783,1993.0
3006,1988.0
10749,1993.0
11275,2002.0
7021,2007.0
11912,1998.0
17960,1996.0
15128,1998.0
8143,1992.0
15825,2005.0
17316,2007.0
1978,2002.0
1554,2002.0
15801,2006.0
16618,2003.0
7793,2002.0
4999,1988.0
17111,2005.0
11286,2004.0
110,2001.0
118,1984.0
19930,1994.0
12968,2007.0
17254,1999.0
3712,1987.0
7929,1999.0
539,2004.0
9555,1992.0
13094,2003.0
204,2001.0
1460,2003.0
1863,2005.0
11992,1993.0
17865,1993.0
6485,1992.0
6321,1999.0
296,2002.0
6620,1990.0
5861,1983.0
4774,2005.0
8766,2004.0
9567,1998.0
10728,1999.0
11331,1987.0
9841,1995.0
10244,2002.0
10094,2002.0
12759,2000.0
13196,1998.0
13993,1995.0
10928,2007.0
4415,2000.0
8446,2000.0
2765,2002.0
4351,1995.0
1918,2001.0
10356,1998.0
6796,1980.0
11300,2000.0
15896,1987.0
10620,2006.0
11957,2005.0
19593,2000.0
9297,1980.0
14885,2004.0
13259,1995.0
19914,2003.0
11075,2002.0
4314,2005.0
13016,2001.0
9678,1996.0
7115,1997.0
395,1986.0
2467,1996.0
5985,1978.0
12308,2002.0
4259,1999.0
14106,1998.0
11779,2000.0
4558,2005.0
15406,2003.0
5847,2002.0
8171,2003.0
8118,2004.0
10268,2002.0
9882,1986.0
2952,2004.0
7945,2002.0
14123,2000.0
8036,1999.0
8507,1990.0
954,2001.0
16844,1998.0
6782,1994.0
10122,2002.0
4393,2002.0
2124,2001.0
16129,1992.0
3991,2001.0
14278,2003.0
244,1983.0
5454,2002.0
19072,1990.0
4618,2006.0
9752,2000.0
1919,1999.0
9372,2000.0
2767,2006.0
3859,2002.0
1580,1979.0
6841,1986.0
10701,2002.0
6742,2004.0
3540,2006.0
5323,1992.0
19582,1998.0
3667,1989.0
16955,1981.0
11502,1996.0
11901,2002.0
9067,1992.0
9663,2003.0
14253,2002.0
11204,2003.0
9057,1992.0
3049,2005.0
17661,2003.0
4571,2006.0
7383,2004.0
14794,2002.0
1485,2000.0
10337,2001.0
12512,2002.0
15120,1988.0
5356,2002.0
18519,2001.0
13616,1997.0
3868,1980.0
6895,2000.0
3022,2005.0
17051,2000.0
15876,2003.0
18391,1979.0
7848,2006.0
13846,1998.0
13410,2001.0
1306,2002.0
16570,2005.0
7835,2003.0
4212,2002.0
17737,2000.0
10515,1999.0
6480,2000.0
19813,2001.0
6660,1997.0
15255,1982.0
13713,1980.0
19828,1989.0
19703,2003.0
14107,1997.0
6420,2001.0
11656,1992.0
7072,1994.0
9114,2001.0
7213,1997.0
5874,2003.0
2051,1998.0
13223,1990.0
4216,1985.0
4008,2004.0
1133,1969.0
18961,1999.0
13142,1995.0
796,1996.0
16014,1999.0
10536,1992.0
9913,1991.0
14819,2001.0
14081,2004.0
17977,1995.0
3278,2001.0
8062,2001.0
7846,1997.0
10825,2004.0
2413,2005.0
518,2002.0
10738,2000.0
10212,1984.0
958,2004.0
14396,2002.0
487,2004.0
3168,2000.0
5198,1998.0
295,2000.0
12128,2002.0
17601,1996.0
7205,1987.0
9562,1994.0
372,1987.0
13503,2004.0
1469,1995.0
10467,1985.0
17596,1998.0
3949,2003.0
1418,2005.0
10123,2007.0
4833,1999.0
10227,2006.0
4467,2004.0
3463,1996.0
12459,2004.0
9926,2003.0
16381,2002.0
17409,2002.0
18693,2005.0
16883,1999.0
3114,2005.0
6905,1991.0
993,2008.0
17750,2000.0
17470,2004.0
12963,1984.0
9436,2001.0
5472,1993.0
8254,1996.0
10375,1993.0
5583,2002.0
3347,1998.0
8509,2000.0
13011,2006.0
8270,2003.0
16424,2000.0
13398,1999.0
1090,2004.0
6654,2005.0
7252,2003.0
14237,2003.0
10553,2002.0
1608,1987.0
17095,1998.0
14265,1997.0
2566,2000.0
5361,2003.0
11254,2001.0
11728,2002.0
5898,2000.0
6820,2004.0
14149,2002.0
6931,1998.0
3131,2008.0
5249,1987.0
14843,2000.0
7938,1996.0
19057,1991.0
1944,2001.0
15835,2005.0
6235,2000.0
18979,2007.0
6284,2002.0
4155,2002.0
9528,1993.0
5146,1995.0
11844,2006.0
5990,2001.0
2191,2002.0
11566,1999.0
7711,2000.0
8861,2004.0
4592,2001.0
575,2000.0
1759,2004.0
5161,2003.0
9662,2000.0
13692,2000.0
1255,1990.0
11510,1999.0
5204,2003.0
10697,2004.0
13759,1988.0
5221,1992.0
3508,2001.0
10397,2002.0
7771,1988.0
13918,2002.0
8339,2005.0
8521,2005.0
3094,1994.0
18584,1999.0
14937,2003.0
14429,2003.0
8882,1995.0
6611,2005.0
11753,1998.0
17937,2004.0
16775,1995.0
13154,1987.0
9942,1991.0
16714,1995.0
13821,2004.0
19748,1994.0
3173,1988.0
9627,1985.0
7389,2001.0
18451,1993.0
11954,2004.0
7863,1977.0
12219,1973.0
9221,1984.0
17238,2003.0
18596,1996.0
11834,2000.0
19313,2000.0
5728,2000.0
14112,1999.0
5752,2001.0
12671,2003.0
7193,1998.0
6563,2001.0
5654,1984.0
5236,1989.0
8957,2003.0
15176,1984.0
5131,2003.0
17672,2005.0
6688,1985.0
13960,2003.0
6546,2002.0
19649,1999.0
7776,1999.0
2001,2002.0
19041,1988.0
19613,1989.0
5126,1987.0
1939,2004.0
5585,1999.0
10330,2003.0
11173,2003.0
10289,2003.0
16291,1998.0
3651,1990.0
2185,2001.0
9605,2000.0
19363,2000.0
28,2003.0
10897,1996.0
7947,2002.0
17762,2002.0
4234,2002.0
7994,1993.0
1131,2003.0
13332,2002.0
15359,2004.0
11216,2002.0
10500,1992.0
9734,2004.0
18221,2002.0
4636,2000.0
369,2006.0
6797,1999.0
4307,1988.0
9763,2000.0
16716,2005.0
8337,2000.0
8261,2002.0
15395,1983.0
4027,1999.0
8842,1988.0
10527,2005.0
3490,2002.0
1761,2005.0
18578,2001.0
5556,2001.0
9245,1994.0
8032,1990.0
1626,2001.0
14193,2003.0
4024,1996.0
15169,2005.0
670,2005.0
13317,1999.0
2516,2005.0
18903,2002.0
4358,2002.0
12647,2005.0
8271,2012.0
4708,2001.0
563,2003.0
12397,2002.0
9338,1984.0
1742,2003.0
10941,2003.0
10879,2002.0
3607,2000.0
9884,1996.0
5179,2002.0
16738,1997.0
3626,1993.0
19063,2000.0
4586,2004.0
1733,2002.0
543,2000.0
688,2003.0
18848,2000.0
17204,2005.0
2065,2003.0
11139,1988.0
2630,2003.0
5740,2003.0
15017,2002.0
6976,2001.0
4964,1983.0
17811,1998.0
6952,2003.0
6347,2003.0
822,2001.0
16048,1973.0
7519,1995.0
7481,2006.0
5784,2001.0
6240,2003.0
19134,2004.0
17725,1997.0
18449,2002.0
3530,2007.0
13876,1996.0
10435,2000.0
11392,1985.0
7811,1992.0
5525,1966.0
15342,2002.0
15420,1995.0
9676,1992.0
12969,1999.0
11174,2000.0
12675,1999.0
620,2002.0
18592,2000.0
989,2004.0
13563,2003.0
11966,2005.0
15388,2004.0
15618,2003.0
12295,2002.0
15975,2002.0
7467,2005.0
1728,1997.0
6906,1994.0
2893,1996.0
3390,2003.0
17441,1999.0
926,2000.0
409,1982.0
9501,2004.0
2693,2002.0
890,1985.0
6260,1997.0
5980,1998.0
1906,2004.0
981,1997.0
6141,1999.0
16309,1992.0
19753,2004.0
6217,2003.0
212,2003.0
4181,2001.0
4718,1986.0
10382,1995.0
9746,2002.0
10925,1999.0
5486,2003.0
10499,2009.0
2858,2001.0
2,2004.0
15104,2002.0
13716,2001.0
14964,1991.0
9440,2002.0
8488,2004.0
16822,1999.0
7676,2001.0
19953,1994.0
10756,1996.0
14845,1999.0
16369,2004.0
19557,2004.0
15844,2004.0
248,1994.0
6550,2001.0
5466,2005.0
3087,2006.0
7550,1986.0
16996,2003.0
18815,2005.0
15856,2003.0
11163,2004.0
11825,1999.0
19996,1994.0
6059,2003.0
17383,2001.0
4209,1993.0
2847,2003.0
37,1998.0
9995,2002.0
10764,1999.0
3783,1989.0
6082,1997.0
9524,2002.0
12429,1977.0
2722,2000.0
3580,1966.0
11839,1999.0
7424,1988.0
18383,1992.0
6366,2004.0
2206,2001.0
13429,2002.0
5134,1990.0
11072,1963.0
18258,2007.0
13617,2002.0
4149,2005.0
2878,1991.0
4873,2003.0
15785,1999.0
11474,1999.0
19164,1997.0
15799,2001.0
13652,2003.0
7498,1996.0
15874,2000.0
11318,1999.0
7001,1994.0
3066,1994.0
2512,2001.0
9982,2008.0
3129,2000.0
8455,1995.0
2894,1993.0
11640,2002.0
15430,1996.0
5571,2004.0
18061,2003.0
18845,2005.0
9008,1995.0
19345,2000.0
8764,1997.0
510,1998.0
9716,1987.0
6282,2006.0
7705,2002.0
4602,2006.0
10309,2001.0
12034,2007.0
10287,2003.0
4588,1990.0
9105,2002.0
9790,1999.0
3427,2000.0
15901,2001.0
15189,2007.0
5751,2004.0
4761,2003.0
935,2002.0
18900,1999.0
4339,2005.0
4705,1999.0
18017,1990.0
2392,2004.0
10965,2002.0
13467,1999.0
12980,2003.0
8470,1997.0
12800,1994.0
16562,2001.0
11319,2001.0
8878,1999.0
15424,2007.0
4975,1999.0
3757,1995.0
15619,2001.0
3775,2003.0
9500,1999.0
1661,2002.0
902,2005.0
17726,1992.0
18067,1999.0
14807,1997.0
806,2002.0
14716,2004.0
19327,1999.0
14238,2003.0
17353,2001.0
14469,2002.0
2884,2002.0
6140,1987.0
1739,1995.0
13422,2005.0
8714,2005.0
4900,1992.0
7373,1998.0
4215,1983.0
16348,2002.0
9602,2000.0
137,2004.0
3436,1998.0
19306,2003.0
655,1981.0
5277,2001.0
12582,2006.0
2164,1997.0
8065,2003.0
14094,1999.0
725,2001.0
9044,1994.0
19754,2005.0
5006,1996.0
382,1995.0
17192,2003.0
17303,2004.0
6915,2001.0
8508,1997.0
15369,1978.0
8432,1986.0
11920,2001.0
8863,2001.0
1808,2005.0
9225,1998.0
10856,1994.0
11027,2005.0
17849,1997.0
1387,2002.0
17757,2002.0
15462,2003.0
1139,2001.0
6826,2003.0
17186,2004.0
9289,1988.0
5812,1999.0
10765,2000.0
18257,2003.0
9737,1997.0
11584,2004.0
2650,2002.0
19215,2004.0
7730,1991.0
2043,2008.0
11748,1980.0
6516,2003.0
17434,2004.0
7161,1999.0
3308,1991.0
3522,1983.0
14177,2002.0
13710,1999.0
16307,1993.0
5306,2004.0
7769,1996.0
1609,1994.0
10308,1999.0
14179,1996.0
2159,2002.0
6496,2004.0
14833,1993.0
1026,2000.0
1009,1991.0
14228,2001.0
18269,2004.0
17073,1994.0
130,1999.0
12302,1999.0
6226,2002.0
714,2003.0
12851,2002.0
14224,2002.0
1819,1980.0
10200,2002.0
13805,2004.0
11316,2003.0
6426,2003.0
13660,1988.0
1529,1996.0
14977,1991.0
6593,2003.0
15043,1999.0
16630,1999.0
2243,2003.0
19504,1973.0
14186,2001.0
2975,2006.0
17922,2002.0
6036,2004.0
14813,1993.0
10817,2000.0
19472,1993.0
8028,2005.0
18781,2004.0
15094,2003.0
661,1998.0
740,1999.0
14203,1998.0
5084,1994.0
11743,2005.0
4345,1990.0
8953,1991.0
18896,2002.0
16757,1998.0
8418,1986.0
1746,2002.0
3609,1993.0
18005,2005.0
10986,2002.0
12161,1999.0
7518,1982.0
749,1986.0
744,2000.0
12098,1998.0
13013,1985.0
11505,1993.0
6173,2004.0
625,2004.0
5295,2006.0
18813,1998.0
6154,2000.0
2590,1997.0
13093,2002.0
13124,2002.0
11841,2002.0
1271,2000.0
5824,1997.0
11482,2000.0
9010,2002.0
14171,1999.0
11917,2005.0
18799,2001.0
18692,1993.0
6542,1997.0
14927,1993.0
179,2002.0
8839,2002.0
18362,1999.0
13161,2000.0
5405,1998.0
17069,2000.0
13360,1983.0
14773,2001.0
16010,1998.0
9147,1987.0
2565,1990.0
7646,1997.0
10096,1998.0
14769,2000.0
15073,2000.0
16017,1998.0
19585,1998.0
12135,2005.0
7407,2001.0
9037,2002.0
11171,2006.0
17551,1985.0
18092,2005.0
11338,2000.0
19118,1998.0
16857,1989.0
12261,1995.0
2573,2001.0
11304,1993.0
15567,1983.0
15409,2000.0
17606,1996.0
15310,2005.0
13262,2001.0
11535,2004.0
12245,2005.0
13577,1994.0
10993,1999.0
19856,2004.0
8195,1988.0
169,2002.0
820,2001.0
13560,1987.0
4422,2001.0
12767,1999.0
952,2006.0
18504,2002.0
2781,2004.0
15626,2013.0
6354,2004.0
5053,2003.0
9709,2003.0
854,2005.0
8592,2002.0
1390,2002.0
3156,1991.0
10805,1992.0
9545,1996.0
42,1997.0
2221,2002.0
2618,1994.0
14553,1993.0
1435,2003.0
4928,2004.0
8155,2002.0
5906,1991.0
2585,1992.0
6312,1996.0
10627,1989.0
12059,2004.0
13491,2005.0
12710,1990.0
12199,1979.0
3842,2002.0
10322,1993.0
12030,1993.0
13441,2001.0
4986,2001.0
11573,1998.0
11359,2001.0
6497,1999.0
8228,2003.0
6893,2000.0
15706,2006.0
17946,2000.0
9179,1988.0
14691,2002.0
16515,1995.0
4516,1997.0
6174,2000.0
5839,2003.0
1455,1980.0
6806,1997.0
15083,2004.0
15437,2003.0
15292,2003.0
10436,1993.0
4476,1991.0
17571,2000.0
4445,1995.0
2741,2003.0
74,1998.0
7555,2004.0
8309,2002.0
10064,2003.0
18057,2003.0
17233,2003.0
12646,2002.0
9277,2004.0
19558,1986.0
4389,2003.0
8441,2004.0
14435,2001.0
1157,1996.0
5313,1999.0
7484,1999.0
900,1992.0
5138,1994.0
13402,2001.0
2536,1990.0
3045,2004.0
11268,2004.0
7174,2001.0
9492,1981.0
10571,2006.0
4487,1981.0
2523,2007.0
1403,2003.0
18665,2006.0
16449,1988.0
4630,1998.0
16439,2001.0
8043,2005.0
12889,1984.0
8011,2002.0
5938,2003.0
6103,2006.0
5386,2002.0
17060,2002.0
5211,2004.0
14917,1997.0
8915,1993.0
2327,1990.0
14343,1985.0
3193,2001.0
9733,1981.0
16229,1998.0
14705,2002.0
11164,1981.0
2115,2005.0
11403,1996.0
12476,1997.0
5481,2002.0
3150,2000.0
6204,2004.0
4392,2002.0
1627,1998.0
6301,1995.0
6632,1994.0
5986,2000.0
12768,1986.0
19882,2003.0
18865,2003.0
4384,2000.0
15290,1990.0
17191,2004.0
19209,2003.0
10763,2004.0
13722,2003.0
8281,2000.0
11095,2002.0
15624,2004.0
19660,2005.0
11229,2002.0
11400,1988.0
12554,1994.0
19198,1993.0
7098,1995.0
2658,2004.0
8112,1990.0
3844,1988.0
4982,2003.0
11628,2006.0
3981,2001.0
3773,2005.0
18339,1995.0
15709,2004.0
5109,2000.0
17332,1997.0
11034,2000.0
957,2001.0
12333,1999.0
18346,1997.0
4413,1998.0
11160,2001.0
11927,2000.0
690,2003.0
12376,2004.0
17675,2003.0
4268,2001.0
3429,1999.0
207,2004.0
8876,2002.0
8211,2000.0
15985,2003.0
13279,2003.0
10827,2002.0
9957,2006.0
12033,1983.0
3737,1994.0
2142,2002.0
7768,1986.0
2188,1988.0
19644,1981.0
8850,1999.0
8122,2001.0
10770,1997.0
18972,2001.0
13991,1992.0
13848,1997.0
3335,2004.0
2398,1996.0
9049,2000.0
9047,2003.0
6912,1999.0
13390,2000.0
7261,2001.0
15304,2004.0
17283,2004.0
19469,2002.0
18805,1989.0
5218,2003.0
12335,1993.0
16431,2004.0
11237,2002.0
17835,2000.0
17824,2006.0
13421,2002.0
18948,2006.0
16106,1994.0
14118,1992.0
6689,1996.0
16750,2006.0
8230,2001.0
11899,1998.0
19899,2006.0
15213,1997.0
8811,1998.0
9409,2002.0
13384,1981.0
11285,2005.0
6966,2000.0
10400,2001.0
10751,1991.0
7350,1986.0
8640,2004.0
13542,1989.0
11866,2001.0
12573,2003.0
11030,1991.0
19321,2004.0
5818,2003.0
9462,1990.0
4987,2005.0
10495,2001.0
4295,2000.0
5670,1991.0
15206,2001.0
15254,2000.0
17782,2001.0
15949,2002.0
9269,2004.0
15540,1981.0
17798,2007.0
15536,2003.0
7660,1996.0
19942,1999.0
16760,1991.0
10175,1986.0
11420,1989.0
7273,2001.0
3548,1992.0
7230,1998.0
15863,1988.0
8064,2008.0
10828,2002.0
8806,1999.0
4565,1991.0
13643,2002.0
813,1985.0
14926,1999.0
6328,1982.0
14765,1998.0
7019,2004.0
16806,2002.0
12015,2002.0
11326,1992.0
3714,1990.0
15156,1996.0
9,2005.0
12537,2006.0
3497,2002.0
18682,2002.0
12985,1997.0
18177,2004.0
1655,1999.0
10069,1999.0
5994,1989.0
19328,1998.0
16319,2005.0
3413,2004.0
15882,2002.0
17717,1988.0
17882,1999.0
7372,2003.0
2229,1984.0
2652,1982.0
2887,1990.0
4515,1993.0
11098,2000.0
13119,1983.0
8358,1981.0
6578,2006.0
2288,1995.0
19738,2001.0
19454,2004.0
18924,1998.0
12048,2001.0
9283,2004.0
7539,2003.0
10950,1987.0
6602,2001.0
12615,1991.0
17827,1999.0
8101,2001.0
16436,2005.0
16835,2003.0
3810,1994.0
2807,1996.0
18560,2007.0
2513,1997.0
779,2002.0
16999,2000.0
6752,2000.0
15375,2004.0
13995,2004.0
4414,2000.0
12838,2003.0
86,1985.0
19981,1994.0
14274,2000.0
2797,2001.0
5426,1999.0
4304,2009.0
5572,1995.0
3172,1999.0
15859,2004.0
399,1999.0
7027,1994.0
1645,1993.0
4286,1999.0
11783,1996.0
10420,1998.0
13828,2002.0
5349,2000.0
12275,1994.0
7237,2001.0
6263,2002.0
14945,1995.0
17850,2000.0
19446,2002.0
14415,1990.0
5523,2000.0
4518,2001.0
5524,2004.0
11118,1987.0
7735,2004.0
14944,2003.0
12491,1989.0
19795,2004.0
4197,2001.0
14409,1996.0
9809,2001.0
10339,2004.0
2254,2001.0
10452,2003.0
3111,1995.0
6954,1999.0
17413,2002.0
7366,2003.0
13494,1997.0
17602,2000.0
12469,1996.0
14994,2002.0
10,2004.0
10320,1990.0
15895,2000.0
6753,1997.0
4739,2004.0
391,2001.0
14824,2003.0
8698,1993.0
4020,1997.0
2739,1992.0
13826,1999.0
15637,2007.0
19459,2002.0
7760,2000.0
13967,2005.0
10178,1994.0
15384,1997.0
4925,1997.0
6265,2002.0
9616,1997.0
5908,2001.0
411,1992.0
19205,2006.0
12501,2003.0
8485,2003.0
6681,1989.0
6326,2000.0
9096,2005.0
13352,2010.0
19208,2007.0
12436,1999.0
10514,2005.0
6825,2004.0
1898,2003.0
14013,2002.0
5613,2004.0
6022,2000.0
13682,1988.0
15463,2008.0
13811,2003.0
3560,2003.0
12370,2004.0
7698,2006.0
9610,2004.0
3931,2003.0
14387,2004.0
15983,2000.0
1667,1997.0
17761,2003.0
7986,2005.0
13003,2002.0
3987,1994.0
2529,2003.0
3553,1994.0
3350,1996.0
6566,2001.0
15739,2001.0
8527,2001.0
1587,2003.0
7432,2002.0
616,1984.0
16482,1998.0
3826,2000.0
15671,2004.0
17961,1990.0
19045,2004.0
2034,2006.0
7671,1999.0
735,2005.0
12304,1995.0
13813,2000.0
1583,2004.0
521,1986.0
15710,1998.0
13717,2004.0
15181,1987.0
10088,1997.0
14061,2005.0
9775,2004.0
899,2000.0
13448,1989.0
10410,1999.0
1039,1983.0
11553,1990.0
15918,2000.0
10533,2000.0
4285,1996.0
14796,2005.0
10146,2004.0
10016,2001.0
17265,2002.0
15964,2003.0
13175,1993.0
2469,2000.0
10572,1985.0
6547,1987.0
2646,2004.0
3203,1981.0
1747,1992.0
2603,2007.0
5756,2008.0
16202,2004.0
4251,1999.0
2463,1996.0
16330,2000.0
16587,2002.0
14564,1984.0
5763,2002.0
15249,1993.0
3237,2005.0
18086,2004.0
13351,1999.0
9587,2003.0
3529,2001.0
11426,2003.0
12189,1991.0
11477,1994.0
16201,1985.0
12255,2000.0
11323,2005.0
13915,1999.0
536,2006.0
4488,2002.0
14559,2005.0
7792,2004.0
5819,1987.0
2623,2000.0
2360,2002.0
8421,2000.0
10998,2000.0
8384,2007.0
12027,2005.0
15239,1999.0
3612,1981.0
1526,1990.0
19480,2002.0
17996,1991.0
16364,2000.0
13061,2003.0
12488,2003.0
6358,1990.0
10473,2003.0
13830,1992.0
3052,1993.0
13504,1989.0
1968,1985.0
16680,2001.0
18530,2001.0
12513,2002.0
17846,2004.0
1524,2005.0
17556,2001.0
11295,1997.0
9177,2000.0
2015,2002.0
2218,2001.0
11943,1997.0
4247,2001.0
13246,2004.0
8005,2003.0
14254,1999.0
4354,2003.0
10324,2005.0
3484,2003.0
3622,1993.0
10793,2003.0
13873,1998.0
1280,1991.0
16810,2002.0
14527,2005.0
3148,1998.0
10806,2004.0
16966,2004.0
16278,2000.0
18044,2002.0
4980,1983.0
5759,1977.0
9070,2004.0
19571,2005.0
1352,2000.0
7829,2006.0
921,1989.0
5606,2001.0
14552,2002.0
18555,2001.0
11945,2001.0
11112,2001.0
7510,2002.0
13378,1995.0
18031,2000.0
1569,2005.0
11168,2004.0
7964,2004.0
5354,1988.0
4509,2002.0
11260,2004.0
9454,2006.0
9937,2003.0
11991,2004.0
5761,1991.0
8693,2000.0
16406,2003.0
14487,1996.0
13863,2002.0
2681,2005.0
18770,1995.0
12732,1996.0
15673,2002.0
7584,1980.0
9835,2004.0
856,2000.0
13779,1983.0
10263,2005.0
16601,2005.0
3082,2002.0
4067,2003.0
19471,2005.0
17709,1998.0
13453,1987.0
895,2003.0
3750,2000.0
7868,2004.0
4316,1995.0
12522,2000.0
17235,2004.0
14499,1986.0
15027,2000.0
2572,2001.0
7434,1983.0
11534,2006.0
13667,2002.0
12273,2004.0
6604,2002.0
18936,2002.0
3451,1994.0
7674,2004.0
12400,2004.0
3852,1982.0
19733,2000.0
5171,2003.0
17028,2004.0
2520,2001.0
11903,1977.0
12924,1998.0
14422,2004.0
10968,2001.0
11463,1999.0
18435,1997.0
3198,2003.0
8399,2002.0
17892,2003.0
16671,1999.0
2604,2003.0
603,1997.0
8519,2002.0
438,2002.0
1695,2002.0
9697,2004.0
4326,1986.0
19514,2000.0
3190,2002.0
14480,1999.0
8661,2002.0
6941,1989.0
9361,1997.0
12359,2005.0
4054,1990.0
4619,1993.0
18016,1997.0
19035,1989.0
18192,1989.0
7577,2004.0
19341,2000.0
2828,2005.0
4185,2002.0
17851,2000.0
17501,1994.0
710,1988.0
8782,1997.0
14328,1994.0
11119,1999.0
1415,2002.0
9171,2006.0
2447,2003.0
5922,2005.0
2725,2008.0
19357,2004.0
9592,2004.0
17197,2003.0
9866,2006.0
18954,1997.0
11201,1993.0
16346,2004.0
7923,2003.0
5793,2004.0
4359,2000.0
18776,2003.0
15408,1998.0
13972,1986.0
2033,2003.0
17105,1999.0
12680,2006.0
1545,2003.0
15649,2004.0
3222,2002.0
6017,2004.0
18870,2001.0
18825,2005.0
17979,2005.0
7464,2001.0
8841,2000.0
14380,1999.0
10520,2001.0
780,1989.0
19226,1998.0
4831,2001.0
1566,1998.0
4658,1986.0
13673,1999.0
2098,2001.0
4043,2004.0
7538,1990.0
12362,1988.0
3771,2003.0
16155,2006.0
11177,2000.0
5721,1998.0
10424,2003.0
16107,1988.0
17632,2001.0
18761,2004.0
19979,2004.0
16252,1981.0
818,2004.0
16816,1994.0
14286,2001.0
13845,1995.0
5545,2002.0
13231,1993.0
491,2000.0
2816,1980.0
17581,1986.0
19829,2004.0
2408,1999.0
7904,2002.0
18595,2004.0
10273,2005.0
5415,1988.0
159,1998.0
16625,2003.0
12022,1998.0
2244,2002.0
12222,2006.0
12713,2001.0
594,1991.0
11989,1996.0
8969,1994.0
9000,2000.0
13835,2002.0
9688,1987.0
18671,1991.0
3547,1995.0
12325,2002.0
9339,2006.0
8096,1997.0
10753,2004.0
14625,2000.0
13798,2004.0
501,2004.0
745,2003.0
18074,2003.0
4712,2003.0
10019,2003.0
15498,2006.0
10576,2001.0
14706,1999.0
14321,2003.0
18414,2003.0
10681,1977.0
4642,2002.0
9751,1999.0
10766,1987.0
16095,1993.0
10416,1986.0
691,2001.0
14083,1994.0
15078,2004.0
18754,2004.0
4129,2003.0
11805,1997.0
2800,2005.0
18004,1998.0
17120,2003.0
13704,1999.0
5828,2002.0
835,1992.0
3664,1996.0
16463,2001.0
17102,1978.0
1961,1991.0
8819,2004.0
13901,2004.0
5651,2000.0
355,1984.0
5905,2003.0
17670,1990.0
11411,2005.0
1398,2003.0
5581,2000.0
19676,1991.0
5726,1985.0
3354,1993.0
7045,2004.0
13233,2000.0
2049,1996.0
6488,1992.0
8386,1997.0
19752,1999.0
7783,2008.0
14839,2002.0
134,1987.0
8170,2001.0
11950,2005.0
18687,1988.0
14246,2006.0
15121,2002.0
3932,2001.0
19149,1996.0
16297,1986.0
3861,2004.0
3999,2004.0
3571,2002.0
4151,2002.0
15058,1998.0
17777,2003.0
4512,1998.0
3679,2004.0
19870,2001.0
8656,1994.0
1242,1999.0
8108,2005.0
2266,2000.0
7571,2002.0
13601,1988.0
13982,2003.0
2488,2000.0
18320,1979.0
9738,1986.0
7814,1995.0
12845,2004.0
8898,1984.0
19461,2003.0
3690,1993.0
5443,1977.0
7020,1996.0
14667,2000.0
12716,2005.0
11882,2002.0
2732,2000.0
1381,2007.0
7300,2003.0
1236,2000.0
7102,1995.0
6522,1999.0
5996,2001.0
8493,1992.0
15947,2004.0
2789,2006.0
476,2002.0
4765,2005.0
19412,2002.0
9600,2004.0
13316,1998.0
11801,2005.0
676,1984.0
6410,1984.0
5802,1995.0
5858,2002.0
17246,2000.0
12442,2006.0
7808,2003.0
5591,2006.0
6381,1989.0
4680,1984.0
18739,2004.0
3702,2003.0
4283,1999.0
8729,2000.0
8761,1992.0
6535,2003.0
3482,1984.0
12312,2005.0
3955,2002.0
13597,1998.0
19838,2003.0
2559,2002.0
477,1988.0
5897,2001.0
15376,1995.0
14857,2003.0
4648,2004.0
14051,1987.0
5823,1984.0
8790,2001.0
16770,1998.0
11292,2001.0
14255,2005.0
2213,2001.0
9031,1997.0
15110,1996.0
13644,2003.0
19615,2002.0
14511,1997.0
16487,2002.0
19465,2005.0
5917,2003.0
4144,1994.0
8797,2000.0
9005,2003.0
1077,1999.0
6986,1990.0
10218,1990.0
12516,1998.0
15892,2000.0
11670,2003.0
6466,2002.0
5947,2001.0
2836,1991.0
9086,1998.0
1779,2001.0
7537,1988.0
9846,1997.0
9840,2006.0
10955,1989.0
5566,2003.0
13765,1998.0
14948,2004.0
5584,2002.0
6768,2005.0
1807,1996.0
9411,2004.0
2749,2005.0
8548,2004.0
7885,1990.0
14124,2003.0
7993,1999.0
6671,1998.0
18500,1999.0
12023,1999.0
1229,1991.0
10351,1994.0
5625,1999.0
11880,1991.0
10486,1974.0
8739,2001.0
13460,2002.0
19289,1988.0
3724,1987.0
13151,1994.0
12305,1994.0
9580,1992.0
8426,2002.0
1076,1995.0
4041,1997.0
16208,1989.0
8540,2003.0
14756,2003.0
6493,1994.0
13505,2006.0
10421,2004.0
5449,1991.0
9459,2005.0
16744,1993.0
14752,2002.0
18729,1987.0
2917,1982.0
18579,1994.0
7202,2002.0
9219,1991.0
6859,1999.0
13971,2003.0
14109,1999.0
9019,2003.0
10680,1998.0
609,1977.0
10479,2000.0
6634,2003.0
4341,1995.0
9640,2003.0
16136,2001.0
14608,1997.0
10960,2003.0
17352,2004.0
7259,2004.0
4906,1997.0
8200,2002.0
18280,1994.0
15810,2002.0
8010,1992.0
17492,2000.0
3055,1997.0
4826,1997.0
7183,1994.0
15506,1984.0
793,2003.0
8542,2000.0
13606,1987.0
11415,2005.0
18021,2003.0
9910,2003.0
4998,1998.0
18328,2002.0
1070,2003.0
13239,2001.0
5434,1999.0
19410,2006.0
10000,2005.0
14871,1994.0
2429,2007.0
1015,2003.0
10031,2006.0
17652,2005.0
12802,1988.0
16353,1996.0
13134,2000.0
13122,1994.0
8251,2003.0
171,1993.0
4328,2001.0
11288,2003.0
1603,2000.0
15641,1991.0
7716,1994.0
3330,2002.0
6988,1999.0
1623,2001.0
19633,2005.0
16192,2004.0
13207,2006.0
11757,1991.0
2551,2001.0
838,1997.0
13025,1992.0
13579,1997.0
1374,2001.0
1434,1999.0
16884,2002.0
18542,1999.0
9550,2004.0
12293,2006.0
18527,1984.0
4031,1998.0
5736,2001.0
16121,1984.0
2502,1994.0
15668,2002.0
12032,2001.0
9991,1990.0
3395,2003.0
11424,1997.0
3665,2002.0
1411,1986.0
891,2002.0
13442,1988.0
14801,2008.0
14651,1983.0
8672,2002.0
18193,2002.0
15345,1983.0
19583,2001.0
15328,2001.0
1331,2006.0
9815,2002.0
3125,1989.0
1430,2003.0
15916,2005.0
8634,2002.0
13220,1988.0
13464,1998.0
18119,1999.0
4308,1998.0
13703,2001.0
1038,1990.0
18942,2009.0
7348,2007.0
3613,2000.0
15028,2003.0
18632,2004.0
19390,1995.0
15450,2004.0
3000,1979.0
3447,1996.0
9220,2005.0
80,1983.0
19916,2003.0
12640,2005.0
13591,2003.0
16915,2003.0
7114,2006.0
11429,1988.0
16165,2001.0
1031,2005.0
12634,2005.0
6803,1985.0
6046,1992.0
14949,1995.0
15059,1990.0
11013,1966.0
16007,2003.0
16687,1997.0
18575,2003.0
1120,2003.0
2926,1993.0
3318,2002.0
5869,2004.0
8918,2000.0
15601,1978.0
2435,2002.0
3383,1999.0
12684,1999.0
10203,2002.0
13970,1998.0
19605,2005.0
11712,2002.0
5334,1987.0
7229,2005.0
527,1999.0
4188,1983.0
13241,1999.0
14273,1999.0
17165,2001.0
18613,1985.0
18563,2005.0
10524,2005.0
3617,2000.0
7743,1996.0
8401,1995.0
6572,1991.0
17402,2005.0
12472,1984.0
6823,1999.0
16535,1998.0
12065,2003.0
8948,2004.0
4379,1998.0
2056,2004.0
1223,1998.0
419,2000.0
19984,1985.0
16502,2000.0
18207,1992.0
19932,2000.0
9873,1986.0
19604,2005.0
7647,1982.0
18971,2001.0
8663,2001.0
8895,2003.0
365,2005.0
17214,1987.0
6101,2003.0
16821,2002.0
18719,2005.0
14671,2002.0
13455,2001.0
6170,2003.0
16858,1988.0
15259,1994.0
11572,2005.0
10734,1999.0
14466,1997.0
14304,1990.0
19282,2004.0
6135,1999.0
19765,1998.0
15746,2007.0
9017,1999.0
7960,2004.0
19099,2005.0
7380,2006.0
18412,1996.0
14402,2000.0
13027,1984.0
16430,1996.0
6304,1988.0
16644,1998.0
14489,2000.0
15820,1998.0
17797,2004.0
367,2002.0
329,1992.0
8514,2005.0
8648,2001.0
17575,1993.0
694,2002.0
19479,2006.0
17712,2011.0
506,2005.0
10292,1986.0
6851,2000.0
7827,2005.0
11664,2002.0
17614,2009.0
14351,1996.0
1555,2001.0
8728,1976.0
10946,2000.0
7541,2004.0
18747,1983.0
19680,2002.0
17024,1991.0
13420,1996.0
19859,1990.0
5011,2002.0
19520,2000.0
12454,2001.0
18453,1996.0
9960,2000.0
18407,1989.0
6267,2002.0
14319,2005.0
2644,2002.0
13348,1982.0
11627,2004.0
5997,2001.0
4737,2007.0
2915,2001.0
3825,2000.0
16233,2000.0
801,2002.0
12368,2000.0
1914,2004.0
4182,2007.0
9542,2001.0
12681,1982.0
9741,2006.0
5262,2004.0
1172,2004.0
18588,1994.0
8682,2002.0
12315,2001.0
8818,2005.0
19108,2003.0
507,2004.0
7686,2003.0
3035,2007.0
9465,2004.0
18093,1981.0
830,1999.0
19621,2002.0
3891,2001.0
7773,2004.0
5274,2001.0
381,1999.0
9076,2001.0
17758,2004.0
5663,1998.0
19709,2002.0
13475,2000.0
9860,1985.0
18837,2000.0
19820,1999.0
1080,1987.0
15412,1999.0
8175,2002.0
7151,2003.0
2364,2006.0
15639,1990.0
1592,2001.0
12952,2006.0
9795,2004.0
18286,2001.0
472,1994.0
11485,2002.0
13733,2004.0
12654,1987.0
19168,1990.0
14127,1986.0
4901,2004.0
16494,1992.0
10875,2005.0
9561,2001.0
8723,2001.0
12690,1998.0
1534,2002.0
12464,2002.0
7181,2002.0
11227,1999.0
14085,2001.0
18111,1995.0
7063,1991.0
13155,2000.0
3454,2006.0
11047,1999.0
18112,2004.0
7967,1996.0
1376,2005.0
15662,2004.0
15527,2005.0
3279,2003.0
8556,2006.0
16908,2002.0
2050,2002.0
13179,1988.0
7614,2002.0
16008,1990.0
9125,2000.0
12637,2005.0
13285,2000.0
19351,2007.0
4086,2001.0
2969,2004.0
15988,2004.0
3855,2005.0
11199,2006.0
5712,2003.0
3915,1996.0
18174,2000.0
13407,1998.0
13430,1984.0
14182,2002.0
1713,2004.0
2972,2002.0
7565,2000.0
49,1983.0
8719,1995.0
16120,1998.0
17780,2004.0
8932,2003.0
7192,2001.0
7168,2002.0
741,2004.0
4899,2001.0
6951,1999.0
1792,1979.0
940,1992.0
14781,2003.0
4923,1993.0
17433,1990.0
1597,2003.0
18326,1999.0
8249,1984.0
5089,2003.0
15265,1999.0
18850,1999.0
15644,1998.0
6707,2006.0
3808,2003.0
16855,2002.0
4104,1998.0
1261,1993.0
9802,2000.0
10700,1987.0
16269,2003.0
96,1993.0
8219,1986.0
3127,1996.0
18448,2001.0
7158,2000.0
15733,2002.0
9119,1994.0
2620,2001.0
3881,1999.0
17142,1981.0
11766,2004.0
19825,1992.0
16841,2001.0
631,2003.0
991,1985.0
18239,2002.0
6093,2001.0
3080,1999.0
12596,2000.0
3120,2006.0
12258,2002.0
9002,2005.0
3424,2000.0
8310,1997.0
4135,2000.0
19525,2005.0
8897,2004.0
5431,1997.0
18359,2007.0
18630,1989.0
11122,2000.0
12882,2002.0
3559,2006.0
19066,2002.0
10100,2003.0
2642,2003.0
11563,2000.0
3492,2004.0
18009,1998.0
17457,1996.0
6181,1984.0
14799,2002.0
35,1998.0
12210,2008.0
14576,2000.0
4522,2001.0
7199,2002.0
9494,2000.0
8833,2002.0
18149,2002.0
15440,1970.0
17125,2003.0
14377,1999.0
6628,1988.0
15080,1994.0
11860,2002.0
10457,2004.0
19509,2000.0
13117,2003.0
14032,2002.0
13007,1994.0
11131,1999.0
6740,2003.0
14117,2005.0
4723,1997.0
12724,2000.0
12414,1997.0
16374,1997.0
2128,2002.0
14631,2004.0
18095,1999.0
8575,1999.0
14935,2001.0
7264,1994.0
1674,1980.0
17667,2004.0
8681,1994.0
2672,2007.0
16280,2003.0
356,1994.0
15146,2005.0
6514,2009.0
19367,2003.0
9425,2007.0
10136,2002.0
12394,2007.0
16177,2002.0
8411,2005.0
1490,1999.0
13933,2001.0
14055,1999.0
12727,2004.0
7297,2001.0
18105,1988.0
11806,1998.0
14976,1997.0
6575,2010.0
12201,1994.0
8407,2001.0
269,2007.0
8017,1997.0
4838,2000.0
3086,1997.0
1923,2003.0
14776,2003.0
9332,2000.0
16054,2002.0
880,1987.0
175,2004.0
15291,2003.0
12507,1986.0
5804,1998.0
1797,2002.0
9012,2005.0
16196,2004.0
2596,1998.0
1269,1992.0
11547,2003.0
13978,2006.0
18835,2004.0
9404,1999.0
10637,1994.0
19137,1994.0
13026,1996.0
4927,1998.0
6686,2003.0
19857,2004.0
9158,1987.0
7586,2000.0
2937,2001.0
12377,2003.0
17719,2007.0
14024,1997.0
14200,1998.0
16518,2000.0
16002,2002.0
10557,2001.0
19404,1995.0
3729,2003.0
4035,2004.0
13968,2003.0
6095,1998.0
4271,2003.0
8700,2006.0
4375,2000.0
7398,1985.0
10565,1989.0
3458,2003.0
12821,2007.0
5417,1993.0
3565,1989.0
9290,1999.0
17384,1992.0
13581,1997.0
11653,2001.0
15131,2005.0
13042,2001.0
4165,1993.0
3569,2008.0
11126,1997.0
2940,2000.0
18889,2007.0
12263,2001.0
14709,2006.0
3106,1998.0
1633,2004.0
19263,2004.0
17027,2005.0
15081,1999.0
7984,2003.0
13232,1996.0
6567,2005.0
766,2005.0
18281,1992.0
18967,1977.0
15148,1999.0
19627,1998.0
9071,2005.0
16931,1987.0
4844,2005.0
14433,1990.0
13596,2004.0
6854,1987.0
14846,1991.0
8733,1997.0
14778,2000.0
12010,1999.0
14479,1987.0
9312,1997.0
14481,2003.0
1155,2003.0
1970,2004.0
14322,2003.0
3077,1984.0
4683,1983.0
15216,1986.0
2217,1994.0
9166,1998.0
8151,2000.0
7149,1982.0
9735,1990.0
5816,2005.0
10046,2003.0
6448,2005.0
15546,1989.0
1903,2003.0
11850,1988.0
13906,1992.0
17055,2003.0
8650,2008.0
9270,1986.0
12546,1989.0
13045,1986.0
3910,2002.0
10127,1994.0
14974,1987.0
17243,2002.0
12693,1998.0
15454,2000.0
2563,2000.0
12820,1998.0
3159,2007.0
19631,1978.0
3356,2004.0
226,2004.0
1100,1999.0
9975,2003.0
8812,2001.0
19172,1999.0
3353,2000.0
1215,1998.0
2577,2005.0
10519,2002.0
10903,1990.0
17969,1999.0
10437,1995.0
16852,1992.0
3970,1994.0
10871,2003.0
1897,1999.0
10159,1992.0
2347,2003.0
9294,1998.0
7358,2002.0
16565,2001.0
6866,1994.0
9350,1995.0
10295,2000.0
17595,2006.0
10767,1999.0
12894,1993.0
6839,2005.0
4645,2003.0
5173,1984.0
10900,2002.0
10526,2000.0
15425,2000.0
534,1998.0
376,1988.0
18198,1983.0
9788,2005.0
595,2007.0
8410,1998.0
14495,2004.0
2417,2003.0
7442,2003.0
12011,1995.0
2719,1998.0
4400,2001.0
7767,2004.0
18430,1978.0
19681,2004.0
1432,2000.0
16462,2003.0
18708,2001.0
9087,1995.0
10453,2000.0
10395,1997.0
10277,2002.0
3787,1996.0
14092,1999.0
18150,2000.0
13293,1992.0
15368,2008.0
8928,2004.0
1446,2000.0
9940,2003.0
12069,2003.0
13959,1991.0
10563,1990.0
1094,1985.0
11581,2005.0
3268,2003.0
16041,1983.0
6690,2001.0
1083,1996.0
2663,2002.0
4319,2006.0
6600,2002.0
5377,1986.0
9009,2002.0
16981,1984.0
14995,2000.0
13761,1998.0
9964,1985.0
1870,2003.0
11579,2002.0
17499,2001.0
1021,1994.0
4220,1989.0
6974,1992.0
9150,2006.0
9801,2002.0
4787,2005.0
9596,1990.0
11107,1985.0
8500,2001.0
8453,2005.0
131,1999.0
15242,2003.0
13850,2004.0
7661,2003.0
18229,1992.0
15636,1990.0
12996,1991.0
19957,1993.0
12159,1994.0
18860,2006.0
6577,2005.0
3261,2000.0
2168,1998.0
11951,1993.0
17395,1999.0
1556,1985.0
8396,1998.0
17839,1988.0
13994,1997.0
6832,2000.0
545,1989.0
10878,1996.0
12730,2005.0
17584,1989.0
5065,2004.0
10124,2003.0
11995,2003.0
8903,2002.0
7517,2000.0
2814,2007.0
18481,1991.0
7017,2003.0
2656,2004.0
4809,2000.0
13651,1999.0
1359,2002.0
13470,1986.0
5033,2003.0
19652,1979.0
9675,2004.0
14741,2004.0
18012,2001.0
11091,2001.0
14575,2002.0
12650,2003.0
10774,2001.0
11071,1998.0
5696,2004.0
16042,2002.0
17698,2005.0
6479,1999.0
461,1990.0
12787,2005.0
1551,1998.0
2909,2002.0
7105,2003.0
10282,1986.0
1459,1989.0
7005,1992.0
1204,1992.0
5513,2004.0
18520,2000.0
6898,2001.0
2958,1995.0
10266,2006.0
10580,1982.0
18277,2006.0
11330,1982.0
7998,2004.0
17680,2006.0
18866,2000.0
6051,1990.0
5400,2003.0
16906,2005.0
15076,1997.0
9969,1983.0
2976,2003.0
17732,2001.0
8765,1991.0
6460,1980.0
18151,2004.0
19239,2002.0
8609,2001.0
9784,2001.0
15457,1998.0
879,2001.0
3792,1997.0
19594,2005.0
17040,1997.0
18036,1990.0
14930,1996.0
15993,1986.0
5702,1994.0
1638,1999.0
19019,2002.0
5331,1999.0
2137,2006.0
7066,1972.0
19425,2002.0
17641,2000.0
18966,2000.0
5335,2000.0
15836,2004.0
14172,2002.0
17566,2000.0
2957,1991.0
5940,1989.0
2126,2003.0
16079,2001.0
3700,1994.0
16928,1993.0
6465,2002.0
5297,2004.0
19521,2007.0
9229,2003.0
17065,1998.0
3883,2009.0
11533,2005.0
4472,1993.0
8140,1994.0
15231,2004.0
17124,1999.0
2636,2001.0
17936,2003.0
3925,1980.0
11631,2000.0
10115,2000.0
5015,2005.0
795,2004.0
970,1987.0
12643,2005.0
2935,2008.0
165,1993.0
6392,2001.0
16659,2003.0
18625,1992.0
8207,1999.0
17337,2001.0
3933,2002.0
18427,1980.0
10034,1988.0
11052,2003.0
18259,2001.0
3794,2001.0
13913,2002.0
11580,1987.0
195,2002.0
10041,2003.0
9659,2001.0
5639,1999.0
92,1997.0
9781,1989.0
6957,2006.0
8872,1992.0
9813,1993.0
5753,2002.0
1591,1990.0
6004,2003.0
19962,2000.0
10621,1987.0
11887,1999.0
12598,2002.0
11521,1992.0
7666,2003.0
8127,1999.0
17066,2003.0
14694,1992.0
14146,2006.0
16748,2002.0
245,2003.0
2315,2003.0
11616,2001.0
307,2008.0
19540,1990.0
7551,1993.0
14931,2003.0
13537,2003.0
3437,1993.0
10671,2002.0
15147,1991.0
5040,1987.0
6491,1998.0
7079,1998.0
13827,1986.0
6537,1981.0
4616,2003.0
4350,2002.0
1748,2002.0
11609,2003.0
8573,2007.0
16856,2000.0
6744,2002.0
4080,2001.0
19992,1993.0
4192,2006.0
7911,1999.0
19725,1992.0
10686,1990.0
10077,1987.0
11994,2002.0
12458,1998.0
1656,2004.0
2667,2002.0
11048,2002.0
16837,2006.0
6613,2002.0
4549,2005.0
15925,2005.0
551,2004.0
10083,1994.0
8229,2005.0
5275,2003.0
1983,1991.0
9198,2001.0
6907,1994.0
6971,2001.0
13090,2003.0
11812,2003.0
18873,2004.0
13190,2004.0
9909,1995.0
13205,2002.0
1706,2005.0
12746,1988.0
13755,1998.0
6779,2003.0
5216,2004.0
19805,2002.0
19460,2006.0
8919,1999.0
9665,2005.0
3889,2002.0
3295,2000.0
14230,1998.0
15757,2006.0
15723,2006.0
12088,1984.0
18664,2002.0
19109,1999.0
5237,2001.0
617,2001.0
2888,1998.0
19884,2000.0
5055,2003.0
15491,2003.0
13009,1998.0
12624,1991.0
19833,2003.0
15691,2003.0
9881,2005.0
1489,2006.0
18008,1983.0
1293,2004.0
19219,1996.0
2325,1997.0
7276,1997.0
7670,2001.0
13178,1995.0
7120,1999.0
16607,2003.0
5069,2003.0
12852,2001.0
12212,2002.0
730,2003.0
17997,1989.0
1347,1992.0
622,1985.0
17990,1984.0
16261,1998.0
18381,1993.0
9538,2004.0
15032,2001.0
1685,2005.0
18549,2000.0
5754,2005.0
1375,1997.0
11283,1997.0
10642,1992.0
18367,1992.0
15347,1989.0
15205,1994.0
2372,2005.0
4137,1995.0
7582,2008.0
1840,2001.0
17291,2002.0
16127,2006.0
18509,2001.0
14473,2004.0
16051,2002.0
9480,2001.0
17975,2001.0
19222,2001.0
6275,1998.0
63,1996.0
6838,2003.0
6891,1986.0
3993,1999.0
9250,2001.0
12104,1986.0
9713,2005.0
819,1999.0
17657,1995.0
8572,1996.0
16104,1998.0
9488,2002.0
4038,2002.0
10493,1996.0
6380,2001.0
10340,1995.0
10682,2001.0
14519,1991.0
7061,1995.0
15588,2000.0
17889,1997.0
2960,1992.0
18626,2003.0
703,2002.0
9458,1993.0
7190,2003.0
6293,2003.0
8955,2004.0
15932,2003.0
16860,1999.0
6178,2001.0
18762,2002.0
2608,1990.0
12708,1993.0
14410,2007.0
18113,1985.0
7943,1998.0
17262,1986.0
3098,2001.0
9786,1993.0
8258,2002.0
7235,1990.0
8476,2002.0
3311,1996.0
8373,2001.0
16897,2001.0
7301,2002.0
12649,1992.0
19409,2003.0
8892,2000.0
13257,1989.0
8451,2001.0
18255,1997.0
15683,2002.0
7336,2008.0
9830,1998.0
2275,2008.0
13965,2004.0
7729,2004.0
16540,1993.0
10953,2001.0
13086,2002.0
3676,1999.0
16091,1986.0
378,2006.0
10908,2004.0
14245,2002.0
7177,1989.0
12953,2003.0
4578,1993.0
11086,2004.0
8153,2002.0
17445,1996.0
12396,1996.0
16524,1994.0
14584,1982.0
13557,1986.0
4463,2000.0
5659,2005.0
4850,1988.0
6647,1999.0
17572,1998.0
693,2008.0
7488,1987.0
3663,2006.0
11949,1986.0
15807,2000.0
17720,1996.0
13038,2003.0
16598,2003.0
15931,2002.0
9898,2001.0
16862,2003.0
3586,1996.0
17159,2003.0
3478,1986.0
6030,1999.0
2425,2004.0
3602,1978.0
11348,2003.0
12707,1996.0
1002,2000.0
13229,1991.0
1276,1999.0
7255,2001.0
11930,2002.0
3293,2003.0
13488,2003.0
19565,2001.0
18238,2000.0
2010,2005.0
8717,2003.0
8621,2002.0
951,2006.0
11751,2003.0
18334,1986.0
13528,1989.0
1561,2002.0
14725,1998.0
18170,2002.0
12109,2003.0
11488,2005.0
18667,2004.0
5926,1996.0
14497,2003.0
7351,2002.0
7896,2009.0
11060,1989.0
12122,2002.0
5158,1978.0
2162,1997.0
16336,2003.0
9880,2005.0
11145,2003.0
16219,1992.0
3472,2005.0
6737,1999.0
6700,2000.0
6482,1995.0
16914,1988.0
1884,2002.0
15759,2006.0
15117,1984.0
14292,1984.0
18182,2002.0
11528,1998.0
9341,1994.0
6244,2002.0
19130,2006.0
19482,1990.0
10176,1992.0
9246,1987.0
1118,2003.0
5209,2001.0
17321,2002.0
13553,2000.0
8800,2003.0
2996,2004.0
10714,1997.0
3067,2001.0
13251,1998.0
3056,1992.0
17305,2001.0
14046,2006.0
14639,1991.0
19370,1998.0
17511,2001.0
5697,1998.0
11376,2002.0
6711,2000.0
9642,1994.0
15889,1999.0
16071,2000.0
11643,2003.0
336,2001.0
13973,1999.0
8168,1999.0
13632,2002.0
3518,2002.0
16,1996.0
9584,1997.0
12594,2005.0
13426,1993.0
15003,1992.0
11492,1998.0
4864,2002.0
18616,2001.0
2761,1999.0
1228,1988.0
15997,1983.0
9727,2004.0
16788,2001.0
3735,2005.0
523,1996.0
8929,2006.0
8088,1997.0
6064,1988.0
4044,1997.0
13164,2002.0
2086,1996.0
13625,2003.0
1262,1975.0
7981,2000.0
18793,2003.0
6500,1992.0
9191,2003.0
851,1997.0
14754,1991.0
11452,1981.0
8481,1989.0
6208,1994.0
18672,2001.0
5797,2005.0
8855,2004.0
11774,2001.0
14356,2000.0
9767,1999.0
19210,1992.0
19441,1998.0
5005,1999.0
5019,2002.0
15487,2005.0
5390,2000.0
11690,2005.0
10529,1999.0
16725,2006.0
5888,1989.0
5598,2000.0
5939,2004.0
16938,2001.0
11442,2001.0
12028,2001.0
19097,2002.0
14031,2004.0
7978,2004.0
17597,1984.0
15935,1985.0
13295,1999.0
19344,1992.0
17460,2002.0
18604,2001.0
11305,1999.0
7012,2002.0
16846,2001.0
17118,2000.0
15092,1999.0
3160,2003.0
1539,2002.0
18245,2004.0
15315,1995.0
19423,1987.0
15095,2004.0
14314,1990.0
17919,2000.0
17338,2001.0
4013,1982.0
5586,2003.0
16266,2000.0
7077,2002.0
12930,2003.0
6801,2001.0
19432,2000.0
19492,2004.0
19079,2003.0
17929,2006.0
15857,1994.0
1949,2002.0
2201,1994.0
12747,2003.0
2906,2002.0
1799,2002.0
459,1985.0
15465,1999.0
6958,2000.0
19080,2002.0
18405,2004.0
7313,2002.0
9152,2003.0
4961,2003.0
9792,2002.0
18537,1980.0
7117,1992.0
8617,1988.0
7860,2005.0
4315,2008.0
1519,1999.0
6780,2002.0
12651,2000.0
6387,1993.0
19426,1995.0
8250,1998.0
12699,2008.0
18101,2003.0
9682,1996.0
18955,2002.0
13004,1998.0
7069,2003.0
2426,2002.0
15924,1997.0
1734,1989.0
1585,2005.0
19776,1983.0
16696,2006.0
19140,2000.0
5392,1997.0
1408,2003.0
2805,2000.0
7087,1995.0
4469,2004.0
16212,2001.0
721,2000.0
7903,2005.0
11936,1991.0
12089,2005.0
2449,2001.0
18993,1993.0
13393,2002.0
6049,1999.0
19669,1996.0
984,2001.0
12345,2002.0
120,2001.0
14972,2002.0
19177,2003.0
1117,1981.0
17785,2004.0
8383,2002.0
11742,2003.0
4920,1990.0
2291,2000.0
7910,2001.0
16988,2004.0
13436,2004.0
9378,1996.0
8430,2003.0
7623,1995.0
7954,2000.0
18547,2000.0
12224,1981.0
6078,1998.0
14875,2001.0
1240,2001.0
18771,2004.0
3911,2001.0
12378,2002.0
15172,1988.0
13005,1990.0
6010,1993.0
12698,1998.0
8612,2000.0
16457,1998.0
17615,2001.0
6368,1996.0
2432,2001.0
1358,1991.0
17187,2001.0
4555,1981.0
18645,1999.0
13438,2003.0
14038,2005.0
9772,1975.0
1708,2001.0
15439,2002.0
19983,1997.0
14065,2001.0
13514,1998.0
12776,1997.0
6084,1990.0
705,2004.0
7598,2003.0
4164,2001.0
13809,1996.0
15519,2000.0
11610,2003.0
797,1990.0
17486,1998.0
14191,2006.0
6406,2001.0
10516,1998.0
1780,1993.0
12209,2000.0
1893,1997.0
15771,2001.0
15525,2003.0
7762,2002.0
8495,2000.0
16053,1998.0
5231,2005.0
7280,1997.0
14596,1999.0
4404,1990.0
4270,1999.0
12550,2004.0
18300,1984.0
6415,1992.0
2214,2001.0
10153,2001.0
4050,2002.0
6109,2002.0
3710,2002.0
14462,2000.0
2914,1996.0
9228,2001.0
10893,2005.0
8956,1997.0
3556,1998.0
889,1982.0
4652,1998.0
16372,2001.0
2995,2005.0
3184,2004.0
9747,2000.0
3339,2002.0
12303,2001.0
17692,2000.0
12198,1988.0
15955,1987.0
6058,1999.0
13036,2004.0
5214,1994.0
6833,1991.0
18941,2005.0
8958,2002.0
13699,2001.0
1420,1996.0
16814,2004.0
7747,1992.0
17500,2003.0
1112,1995.0
16073,1999.0
13256,2000.0
9780,2001.0
14471,1986.0
6580,1986.0
9518,1991.0
16035,2002.0
12669,1992.0
12630,1994.0
12186,2006.0
17933,2003.0
3621,2004.0
6816,1997.0
14262,1997.0
18614,2000.0
12872,2004.0
16088,2002.0
13184,2001.0
14668,2003.0
1086,2000.0
16059,1994.0
4300,1989.0
10848,1999.0
7493,2001.0
12704,2005.0
19214,1996.0
11611,2002.0
1542,2012.0
8184,1985.0
17655,2005.0
15622,2002.0
12595,2001.0
8405,2003.0
9287,1989.0
7162,1993.0
14717,1999.0
19119,2006.0
2822,2004.0
19230,1983.0
14665,1999.0
17806,2005.0
18585,2004.0
3633,1990.0
14097,2000.0
6621,2003.0
5113,1999.0
5290,2002.0
11619,2000.0
6799,2004.0
6360,1986.0
3382,2000.0
11256,2004.0
3329,2006.0
2273,2000.0
3909,1997.0
15309,2001.0
8089,2001.0
17284,1991.0
289,2003.0
12183,2007.0
3801,1995.0
6169,2009.0
18544,2000.0
18852,1999.0
13771,1998.0
5720,2003.0
9444,1986.0
2607,2000.0
12520,1998.0
5799,2011.0
8777,2004.0
5315,1990.0
590,2009.0
13021,1990.0
16443,2002.0
10236,2003.0
7285,2002.0
11309,2001.0
4877,2005.0
2697,2004.0
6999,2003.0
19191,2002.0
19550,1987.0
8054,1997.0
12005,2008.0
17585,2001.0
18436,2006.0
7794,1999.0
17237,1991.0
4650,2005.0
84,1994.0
6513,2004.0
16552,2001.0
2348,2003.0
3296,1991.0
8942,2002.0
17987,1990.0
12964,2002.0
19635,1998.0
14288,2003.0
13168,2002.0
8372,2002.0
10030,2004.0
13012,2003.0
7678,2003.0
17300,1979.0
403,1996.0
4804,1997.0
19906,2004.0
12899,1995.0
10954,1995.0
9516,2001.0
8319,2003.0
658,1997.0
13672,1989.0
1105,2003.0
1738,2003.0
458,2005.0
17179,1999.0
18666,2002.0
4835,2005.0
7596,1973.0
9163,2002.0
9169,1999.0
19290,1997.0
5672,2002.0
5383,2003.0
4505,1996.0
9541,2002.0
10455,2006.0
3394,2003.0
8109,1986.0
18635,2002.0
9407,1986.0
7110,2004.0
16890,1992.0
544,2005.0
13582,1988.0
4717,1997.0
11005,2002.0
9968,2011.0
13468,2007.0
2256,2003.0
6069,1996.0
13338,2006.0
16920,1997.0
4063,2004.0
6809,1999.0
19415,2002.0
14137,2001.0
17455,1991.0
630,2002.0
11078,2006.0
11699,1997.0
4769,1978.0
1260,2003.0
3421,1997.0
3243,1997.0
8874,2003.0
11150,1999.0
11973,2006.0
13609,2005.0
14062,2006.0
14918,1976.0
14650,1997.0
9217,2004.0
4945,1996.0
8701,2002.0
17466,2009.0
4885,2010.0
6881,2006.0
7757,2004.0
9033,2001.0
17042,1997.0
5265,2000.0
14987,2004.0
14470,2004.0
6411,2001.0
16994,1992.0
10838,1999.0
14866,1999.0
18612,1993.0
4862,1987.0
16075,1995.0
8231,2003.0
19088,2000.0
5694,2001.0
1134,2003.0
10661,1990.0
13685,2002.0
4340,1990.0
12061,2003.0
4386,2004.0
9209,1998.0
8817,2003.0
1552,1997.0
557,2001.0
10816,1987.0
14970,2006.0
4971,2002.0
8222,2002.0
13527,1993.0
14704,1992.0
4793,2004.0
15140,1993.0
18474,1977.0
4248,1988.0
6177,1999.0
16311,2005.0
19601,1995.0
6144,2002.0
18515,2004.0
11782,2001.0
13940,2002.0
11813,2003.0
16721,2000.0
18989,1998.0
7387,2000.0
6810,1999.0
7818,2005.0
15467,2003.0
6384,2002.0
18267,1996.0
8786,1999.0
4521,2004.0
3310,2009.0
7094,2006.0
15175,1976.0
16935,2003.0
15875,2005.0
6722,1990.0
10477,1970.0
10365,2004.0
1091,1992.0
5250,1999.0
4950,1991.0
8072,1998.0
15370,2006.0
5527,2005.0
7980,1982.0
5950,1999.0
9641,1999.0
13261,2004.0
14797,2001.0
16244,2001.0
10531,2000.0
17210,2004.0
18746,1988.0
6243,2002.0
16871,2005.0
11847,2009.0
19546,2001.0
10163,1985.0
3541,2005.0
2313,1997.0
3051,2003.0
1697,2001.0
9236,2001.0
3182,2004.0
14832,2000.0
16963,1998.0
9692,2001.0
197,2007.0
261,1998.0
9859,2004.0
8301,2001.0
16169,1998.0
17901,1997.0
18637,2005.0
15979,1990.0
3546,1998.0
14045,1996.0
673,1994.0
6732,2002.0
13326,1995.0
9189,1997.0
9398,1983.0
13244,2001.0
7333,2003.0
11053,1989.0
2802,2004.0
12279,2003.0
1611,2005.0
17173,2005.0
14583,2004.0
10023,1994.0
11054,2001.0
5983,1993.0
15620,1982.0
18756,2004.0
15813,2004.0
19839,1999.0
14207,1999.0
17702,1989.0
15274,1997.0
836,2003.0
6390,1989.0
4963,1999.0
4733,2002.0
18332,2004.0
17381,2006.0
2729,2008.0
1109,1992.0
791,1998.0
17682,2005.0
6086,2003.0
342,2003.0
3564,2007.0
2801,1992.0
15419,2003.0
944,2003.0
13303,2006.0
10160,1998.0
8314,1989.0
14607,2004.0
6456,2003.0
6438,1985.0
19759,2001.0
2701,2006.0
225,2002.0
6872,2002.0
5679,2004.0
5944,1990.0
4797,1982.0
10874,2004.0
6155,2000.0
17713,2001.0
914,1987.0
2859,2002.0
1132,2003.0
14229,1995.0
8536,2001.0
6066,2002.0
15066,2001.0
5283,1991.0
12603,2009.0
4687,1999.0
11637,2003.0
12641,1998.0
10168,1993.0
17893,2008.0
8144,2005.0
8486,2001.0
3212,2002.0
10331,2014.0
19068,2000.0
10089,2007.0
3271,2002.0
9349,1999.0
2198,2005.0
17136,1989.0
18995,2002.0
18094,1998.0
16163,2002.0
4187,2007.0
10783,1987.0
17253,2002.0
8388,2005.0
1254,2004.0
1294,2003.0
10768,2000.0
6878,1988.0
5300,2009.0
10068,2002.0
211,2005.0
5485,2005.0
14382,2005.0
18631,2003.0
13225,1976.0
6157,2002.0
15701,2002.0
7396,1997.0
5038,1982.0
19101,1981.0
10195,2004.0
18227,1996.0
13033,2006.0
14601,2000.0
1450,1992.0
2083,2004.0
15230,2007.0
12752,2004.0
17988,2005.0
16086,2003.0
14436,2004.0
18353,2002.0
12652,2000.0
977,1998.0
15511,2002.0
16322,2004.0
1279,2003.0
7419,2005.0
5518,1992.0
8340,1995.0
4373,1988.0
18393,2003.0
6853,1999.0
2024,1994.0
13546,2004.0
7337,2006.0
1140,2002.0
9299,2005.0
10283,1988.0
13840,1980.0
3302,1995.0
7347,1991.0
18750,2001.0
17423,2004.0
19553,2005.0
651,1983.0
8480,1997.0
16094,1984.0
19244,1998.0
15427,1996.0
10820,1983.0
17879,2002.0
14287,2006.0
14521,2000.0
12703,2001.0
2125,2001.0
10426,1988.0
7839,2001.0
1668,2002.0
17870,1991.0
6619,1985.0
7155,2003.0
5775,1999.0
1874,2003.0
11197,2005.0
19695,2003.0
12256,2001.0
9673,2005.0
4572,1997.0
17976,2003.0
19105,1989.0
8412,1994.0
17978,2000.0
6548,1988.0
15864,2008.0
7201,2000.0
16230,2007.0
4263,2008.0
1319,2002.0
18065,2004.0
292,2002.0
19175,1982.0
1834,1994.0
580,2002.0
14208,2004.0
2017,2001.0
13935,2006.0
16394,1995.0
11147,2003.0
2769,1999.0
14335,1996.0
15663,1993.0
11100,2004.0
16650,2003.0
3428,2004.0
17559,2001.0
2703,2004.0
7236,1998.0
12269,1988.0
15915,2005.0
5413,1989.0
857,1998.0
10832,1986.0
10525,2004.0
13083,2003.0
1456,2002.0
16939,2000.0
18404,2005.0
19364,2001.0
7137,1981.0
1414,2005.0
6594,2004.0
13217,2001.0
7999,2003.0
298,1994.0
16061,2004.0
7572,2006.0
10293,1984.0
2471,2004.0
8868,1993.0
19112,1994.0
16772,1990.0
8326,2002.0
10233,2003.0
29,1994.0
16243,2000.0
7709,2004.0
19797,2002.0
8825,2006.0
5868,2003.0
8182,1987.0
19264,2005.0
15682,2003.0
8075,1987.0
13443,1984.0
15718,1980.0
11104,2001.0
12301,1993.0
7617,2004.0
3520,2002.0
2386,2002.0
2922,2002.0
10414,2001.0
19679,2002.0
18437,2001.0
6868,1996.0
13353,1995.0
12320,2001.0
11840,1998.0
7290,2003.0
7265,2004.0
17372,1999.0
11811,1996.0
3013,1981.0
10633,1997.0
9519,2000.0
5046,2005.0
3100,1991.0
11676,1992.0
13299,1998.0
11232,2004.0
15077,2007.0
6056,1997.0
12390,2001.0
4981,1997.0
16728,2003.0
5896,2006.0
1445,2009.0
18591,2006.0
3469,2002.0
4019,1998.0
5148,2006.0
4703,2010.0
12124,1998.0
12685,2000.0
6187,2003.0
2611,2003.0
9986,2002.0
4171,1992.0
16222,1998.0
10659,2001.0
16670,1989.0
12644,2001.0
18426,2003.0
11194,1999.0
8853,2002.0
5962,1998.0
15490,2000.0
6435,1993.0
3398,2002.0
14965,2003.0
14040,2000.0
12216,1984.0
3869,1986.0
14633,1998.0
4344,1998.0
15308,2000.0
4324,2006.0
7127,2003.0
4827,1999.0
17914,2003.0
19021,2001.0
12722,1998.0
7601,2003.0
2176,1989.0
12895,1980.0
10044,2002.0
6666,2000.0
11793,2003.0
1463,2001.0
8333,2001.0
12047,2002.0
18773,1998.0
9856,2003.0
10086,2004.0
1166,1988.0
12617,2003.0
3414,1992.0
9897,2000.0
18826,2009.0
6735,2004.0
19572,1997.0
3001,1999.0
3276,2005.0
19054,1999.0
359,1999.0
6349,2002.0
9843,2002.0
13400,2004.0
4131,1998.0
19641,1997.0
559,1989.0
4103,2008.0
8725,2003.0
6813,2000.0
1859,1987.0
6179,2002.0
16335,2002.0
12456,2003.0
4372,1994.0
15075,1992.0
4082,2006.0
17180,2004.0
17133,2003.0
15529,2003.0
18670,2002.0
155,1978.0
19629,2004.0
5877,1998.0
19139,1980.0
13040,1984.0
5959,2001.0
14572,2003.0
4595,2004.0
2817,2004.0
732,1997.0
154,2003.0
6651,2005.0
14397,1984.0
15040,2005.0
8864,2003.0
7869,1998.0
11625,2005.0
10070,2002.0
12324,1999.0
4150,2004.0
18920,2003.0
4023,1997.0
14744,2004.0
1315,1997.0
9256,2002.0
901,2002.0
5471,1985.0
12337,2006.0
16099,1999.0
4133,2001.0
5078,2002.0
5458,2000.0
8601,1990.0
14644,1988.0
12463,1995.0
16993,2001.0
3154,2001.0
16975,1998.0
14271,2002.0
18516,2002.0
11961,1992.0
11395,2003.0
17072,1989.0
4457,2003.0
14724,2000.0
15258,1984.0
12533,1997.0
4967,2001.0
7780,2002.0
16146,1996.0
10197,1998.0
4635,1993.0
2904,1993.0
1498,2003.0
17411,2002.0
9920,2000.0
18307,1999.0
6672,1999.0
9865,2004.0
3404,1998.0
19889,1975.0
1584,2004.0
17852,2001.0
18215,2005.0
11516,2006.0
281,1996.0
4034,2007.0
9026,1994.0
10517,1973.0
13023,1999.0
8840,1998.0
14264,2000.0
18649,1998.0
11719,2001.0
11771,2004.0
3495,2004.0
2825,1992.0
7524,1999.0
10850,2008.0
14703,1988.0
14016,1994.0
11682,1993.0
19790,2004.0
19770,2002.0
16889,2002.0
5428,2001.0
5268,1979.0
11659,2004.0
4046,1995.0
17522,2001.0
7086,1996.0
6886,1992.0
13433,2006.0
5640,2004.0
5330,1997.0
18877,1994.0
6950,2000.0
9185,2005.0
10026,2001.0
9749,2005.0
15228,2007.0
2378,1983.0
14772,2003.0
5261,2002.0
11381,2002.0
446,2002.0
44,2002.0
13447,1996.0
5424,2001.0
12676,2000.0
4817,1992.0
16508,2002.0
12042,2002.0
15245,2000.0
17772,2002.0
2068,1990.0
9441,2000.0
10773,2006.0
12751,2008.0
8616,1998.0
13070,2003.0
3225,2000.0
18458,2005.0
578,1997.0
12493,2003.0
489,2000.0
11544,1992.0
3941,2003.0
7663,1998.0
4497,1999.0
469,2003.0
17557,1974.0
193,2005.0
2093,2002.0
10141,2004.0
1409,1981.0
12536,1998.0
16599,2003.0
16973,1989.0
10581,1996.0
12006,1992.0
8875,2002.0
3779,1985.0
7178,1982.0
4473,2001.0
7326,2000.0
6770,2005.0
5501,1987.0
18484,2000.0
4892,2002.0
16247,2005.0
14692,1983.0
10082,2003.0
3907,1999.0
8435,1999.0
7588,2002.0
17038,2000.0
14551,2002.0
14577,1993.0
2495,1987.0
17656,2004.0
3224,2004.0
15628,1988.0
5655,1998.0
4353,2001.0
13079,2005.0
4647,2006.0
17962,1997.0
16499,2001.0
12682,1997.0
10459,2000.0
16314,1990.0
3440,2003.0
3590,2002.0
3814,1993.0
5220,2003.0
17083,2003.0
13084,2001.0
1351,1991.0
13691,1990.0
8676,2001.0
5616,2002.0
18627,1987.0
2950,1999.0
2230,2007.0
16484,2004.0
5007,2000.0
12616,2002.0
19089,2003.0
16286,1996.0
4762,2004.0
4921,1991.0
7329,2005.0
14361,1983.0
19909,1995.0
14746,2000.0
12540,2002.0
12941,2000.0
8268,2001.0
4123,2004.0
16057,2009.0
1078,2006.0
10675,1994.0
18357,2003.0
3796,2003.0
6468,2003.0
16921,1986.0
94,2006.0
12599,2002.0
4127,2002.0
11399,2006.0
916,2001.0
17324,1992.0
2716,1999.0
2970,2002.0
14655,2004.0
16888,1999.0
6477,2002.0
5346,1981.0
2344,2002.0
6361,2000.0
12237,2006.0
17184,1995.0
5425,1998.0
18143,2001.0
14539,2000.0
15772,1986.0
7124,2004.0
2928,2003.0
649,2004.0
14652,1998.0
4510,2005.0
15134,1999.0
12445,2002.0
32,1992.0
19863,1998.0
3865,2003.0
17654,1999.0
18243,1978.0
13028,2001.0
14638,1996.0
12903,2006.0
19065,1999.0
14720,1998.0
11225,2005.0
6089,2005.0
6657,2001.0
2593,1999.0
5934,1996.0
5438,1989.0
15423,1995.0
6655,1996.0
5734,2004.0
8746,2002.0
17963,2004.0
15586,2001.0
4057,1987.0
1579,1999.0
18800,1995.0
15596,2002.0
1946,2002.0
13406,2001.0
7031,1997.0
15039,2006.0
18915,2000.0
5240,1995.0
15872,2002.0
2389,2000.0
5854,2000.0
7437,2005.0
14317,2000.0
15512,2007.0
3253,2003.0
3015,2002.0
14957,2005.0
3307,1981.0
18990,1996.0
15713,1979.0
15841,2002.0
17982,2004.0
3109,1995.0
6077,2000.0
3887,1995.0
1740,1986.0
5319,2000.0
17248,1975.0
15383,1995.0
4729,2005.0
7717,2006.0
6499,1999.0
14068,1999.0
4956,1988.0
11622,1981.0
4812,2003.0
19026,2005.0
12123,2003.0
16132,2002.0
11382,2006.0
11761,1992.0
19883,2004.0
5984,2003.0
561,1988.0
4125,1996.0
4042,2005.0
10835,1990.0
1857,2005.0
7593,2008.0
15235,1997.0
15035,1999.0
16724,2000.0
17175,1995.0
4258,2002.0
17825,1995.0
13654,1985.0
17812,2004.0
6608,1996.0
18188,1983.0
12739,1999.0
17741,1997.0
19678,2004.0
7154,2005.0
11932,1988.0
12270,2001.0
3287,1999.0
12862,2004.0
2278,1997.0
5792,2002.0
2552,1990.0
10961,2003.0
16517,2003.0
16984,2000.0
11846,1984.0
1503,1994.0
9885,1994.0
15541,1988.0
18953,2000.0
12876,1981.0
10991,2001.0
16840,2005.0
10076,1999.0
18026,1989.0
12103,2003.0
12134,1999.0
5154,1998.0
9131,2003.0
200,1993.0
67,2003.0
14498,1999.0
11567,2001.0
10666,1997.0
17674,1988.0
13944,1992.0
11187,1990.0
2261,2006.0
16990,2002.0
11592,2001.0
11940,2002.0
4823,2003.0
7034,1997.0
14020,1999.0
9922,2004.0
8357,2003.0
18030,2002.0
19716,2006.0
4710,2002.0
1191,1998.0
4232,2000.0
14936,1992.0
8662,2005.0
11120,1986.0
15862,1992.0
1922,1997.0
19769,1997.0
4004,2000.0
14578,1989.0
12790,2003.0
19488,2004.0
3468,1989.0
19726,1989.0
17199,2002.0
4947,1981.0
2709,2000.0
2678,1995.0
5878,2003.0
12349,2002.0
10582,2005.0
2574,2003.0
17163,1997.0
19300,2001.0
15606,2000.0
19349,1986.0
2942,1992.0
18492,1995.0
8356,2003.0
1377,2002.0
13457,2000.0
17673,2003.0
5260,1997.0
16055,2001.0
7222,2003.0
5244,2001.0
19650,1999.0
2140,1970.0
870,2003.0
1045,1998.0
6434,2000.0
19974,2004.0
15953,1989.0
8295,2003.0
965,2005.0
4796,2001.0
3697,1995.0
5853,1998.0
17931,1999.0
16532,1983.0
19683,1997.0
4631,1991.0
11481,1999.0
17533,2003.0
13750,2008.0
16576,1999.0
14863,2002.0
4551,2000.0
1205,1996.0
7472,1986.0
1600,1990.0
8707,1986.0
4646,1994.0
7632,2004.0
14757,1999.0
13618,1988.0
15870,1999.0
10655,2001.0
12608,1997.0
17397,2002.0
4194,2001.0
4538,2002.0
6709,1997.0
11294,1993.0
4818,1995.0
18201,1999.0
2182,1983.0
12031,2002.0
17437,2004.0
3188,1998.0
15,1985.0
14472,1999.0
8576,2004.0
11280,1997.0
18523,1992.0
1497,1979.0
12266,2002.0
9603,1996.0
18849,2002.0
5083,2003.0
19538,2004.0
5991,2006.0
6264,2002.0
2641,2001.0
10347,2006.0
9644,1999.0
8313,2006.0
10622,2001.0
12551,1985.0
16125,2003.0
444,1991.0
265,2001.0
4583,2003.0
13646,2003.0
19305,1988.0
19822,2005.0
2742,2000.0
5883,1998.0
19671,1992.0
19013,2002.0
1753,1998.0
3675,2005.0
12817,1999.0
731,1986.0
5348,1995.0
7725,2003.0
19736,2008.0
18440,2003.0
8526,2003.0
1777,1991.0
15961,1985.0
13043,2000.0
18841,2003.0
11759,2004.0
2105,2004.0
5183,1994.0
11475,2003.0
12281,1996.0
10314,2004.0
1750,2003.0
8884,1993.0
11089,1989.0
13610,2004.0
15963,1996.0
13941,2005.0
535,1999.0
1336,1983.0
12499,2000.0
9164,1998.0
12750,1991.0
5695,2000.0
4798,2001.0
12094,1988.0
6811,2003.0
19267,2005.0
410,2002.0
4387,2004.0
3982,2006.0
10456,2004.0
9092,2003.0
11221,2001.0
12357,2001.0
16849,1997.0
1061,1985.0
12020,2000.0
10641,2001.0
8600,2002.0
4742,2001.0
865,2005.0
2224,1993.0
13006,2002.0
19708,2000.0
7316,1997.0
5669,2001.0
13128,1982.0
7330,2005.0
8731,1985.0
5688,1995.0
18690,1994.0
15679,1988.0
15705,1989.0
18284,2006.0
2172,2002.0
14236,2000.0
10090,1983.0
16864,2002.0
4562,1994.0
3971,2001.0
12905,2002.0
13269,2001.0
11968,2004.0
11666,1999.0
18726,2005.0
9670,1997.0
19782,2004.0
15994,2004.0
4290,1999.0
5420,1994.0
16913,2001.0
19171,1985.0
7562,1984.0
14841,2003.0
6808,1996.0
2262,2005.0
4158,2004.0
1735,2004.0
18543,2003.0
13588,1999.0
18647,2004.0
3101,1982.0
11691,1996.0
1248,2001.0
6762,2002.0
12260,1978.0
2762,2003.0
11939,1992.0
1416,2004.0
17094,2006.0
16176,2006.0
407,2005.0
1769,2005.0
1639,2003.0
14980,2004.0
363,1998.0
19287,1997.0
11360,2005.0
19534,2004.0
11062,2003.0
3960,1999.0
8516,1998.0
639,2005.0
1175,1995.0
1393,2003.0
17110,2005.0
17271,2007.0
5108,1995.0
1310,2000.0
17249,1999.0
15143,1993.0
15919,2001.0
10220,2001.0
3770,2003.0
16174,1994.0
2122,2000.0
6498,2004.0
11929,1984.0
1169,2006.0
12866,2005.0
1011,1994.0
18301,2005.0
12422,1996.0
17422,1994.0
1662,1988.0
2232,1993.0
10080,2004.0
18408,1995.0
18624,2004.0
9839,2003.0
14642,1988.0
12353,2008.0
4575,2005.0
4534,1998.0
18745,1992.0
5453,2004.0
7625,1982.0
18744,1999.0
10066,2005.0
10373,1980.0
2388,1992.0
5144,1980.0
10501,2006.0
14142,1989.0
6745,1998.0
10210,1987.0
9798,1998.0
14565,2005.0
19411,2003.0
7319,1999.0
5372,2001.0
16315,1994.0
12217,2004.0
4450,2004.0
11210,2003.0
12162,1983.0
156,1985.0
5886,2003.0
8160,2006.0
19955,1989.0
6202,2003.0
3034,2001.0
12597,2005.0
11088,2003.0
15675,2004.0
11923,2004.0
6459,1992.0
5675,1999.0
718,2004.0
18611,1994.0
3562,2001.0
2127,2001.0
5849,2006.0
8995,1996.0
12745,2007.0
7305,2001.0
2270,1999.0
847,2004.0
11230,2001.0
7512,2006.0
10438,2002.0
7059,2005.0
11499,2001.0
2461,2002.0
6164,2006.0
3584,1998.0
18450,2009.0
11247,2001.0
9073,2005.0
5961,2004.0
10972,2002.0
4214,2003.0
4860,1996.0
19662,2002.0
10007,2000.0
21,1994.0
136,2000.0
8081,2004.0
19206,1999.0
4434,2006.0
7961,2001.0
13149,1999.0
784,2002.0
15332,1993.0
12424,2005.0
15481,2007.0
2326,2005.0
5561,2002.0
2869,1984.0
6528,2000.0
17905,1983.0
1178,2003.0
5703,2007.0
10125,2001.0
8531,2001.0
16942,2000.0
153,1995.0
10280,1999.0
1119,2004.0
9861,1992.0
2714,1995.0
4532,1987.0
2865,2006.0
1936,1996.0
14147,1987.0
13696,2006.0
7083,2003.0
8371,2000.0
650,2003.0
15828,1980.0
17799,2006.0
1589,2001.0
18195,2006.0
5132,1996.0
6092,2007.0
4848,2003.0
15320,2001.0
5772,2004.0
13066,1994.0
108,1995.0
11799,1999.0
19048,1997.0
12440,2000.0
18640,2000.0
11542,2001.0
5122,2000.0
19600,1999.0
7156,2004.0
12865,2006.0
528,2005.0
9714,1998.0
14966,1981.0
5110,2003.0
14614,2004.0
4021,2003.0
18633,2006.0
13394,2008.0
10284,2004.0
13496,1974.0
19948,2005.0
17570,2009.0
2844,2005.0
2723,1999.0
2673,1991.0
7883,2002.0
573,1991.0
7133,2003.0
12606,1998.0
11578,2004.0
1338,2000.0
2868,2002.0
8727,2004.0
15788,2002.0
6527,2004.0
17014,2001.0
13337,2004.0
16847,2001.0
6559,2001.0
2303,1998.0
4481,2006.0
18146,2002.0
17840,1989.0
240,1999.0
15201,1988.0
4709,1994.0
16164,2003.0
19516,1992.0
12926,1989.0
6311,1986.0
3491,1993.0
11218,2006.0
13870,1997.0
15591,2006.0
15879,1987.0
11975,2001.0
1765,2001.0
15654,1985.0
19622,1988.0
15010,2004.0
13305,2000.0
11589,2003.0
8856,2001.0
3654,2002.0
6112,2007.0
925,1997.0
18894,1998.0
7925,1995.0
6508,2003.0
8522,2003.0
14373,1994.0
7822,1991.0
7111,1998.0
17813,2000.0
11310,1994.0
13914,2007.0
10006,2003.0
15726,1998.0
13411,1998.0
6146,2000.0
19835,2004.0
14617,1997.0
7752,1997.0
4101,2001.0
11324,2001.0
4093,2000.0
3340,2002.0
11987,1997.0
9186,2002.0
18998,2005.0
11525,2002.0
2373,1990.0
5704,2000.0
5859,2001.0
18933,1990.0
18720,1988.0
9371,2004.0
11289,2004.0
8567,1986.0
3751,1996.0
4895,2003.0
16279,2007.0
5270,2003.0
17935,1995.0
14722,2001.0
14476,1996.0
8274,2002.0
18387,2001.0
4048,1999.0
15945,2006.0
11069,1993.0
1520,2003.0
19213,2001.0
9771,2004.0
11498,1990.0
14897,1989.0
13343,1979.0
16809,2003.0
16555,2004.0
11212,1995.0
14159,1992.0
13808,1976.0
11725,2003.0
1553,2006.0
12177,2003.0
14263,1995.0
16863,1992.0
6807,1997.0
11915,1993.0
2614,1986.0
19990,1991.0
460,2000.0
5490,2001.0
2803,1991.0
2763,1995.0
18801,2002.0
9630,1990.0
18376,1986.0
15461,2002.0
2222,1996.0
11000,1994.0
8304,2006.0
14800,2005.0
6079,1988.0
16028,2005.0
1522,2004.0
15980,2002.0
7368,2005.0
3980,1991.0
14624,1990.0
10802,1986.0
4444,2000.0
15630,2001.0
5422,1998.0
4898,1989.0
19028,2003.0
7410,2004.0
810,2000.0
3959,2001.0
12686,2007.0
16638,2002.0
15060,1997.0
14567,1993.0
9959,1999.0
967,1999.0
798,1997.0
8048,2000.0
19083,1999.0
1195,2005.0
16376,2001.0
5705,2002.0
13677,2000.0
7244,2002.0
11299,1998.0
16887,1998.0
3155,2005.0
3187,2004.0
16531,2002.0
8721,2002.0
846,1998.0
12785,2001.0
6271,1998.0
3470,2003.0
10226,1999.0
5320,2005.0
15277,1983.0
8142,2002.0
18200,1993.0
1043,1997.0
16081,1994.0
10702,2002.0
2595,1987.0
4744,1989.0
19052,2007.0
13215,1983.0
11856,2007.0
13854,2006.0
1880,2008.0
8688,2007.0
4204,2003.0
2112,2005.0
2031,2002.0
18272,2006.0
14059,1983.0
9100,2002.0
6,1999.0
15910,2002.0
16795,2004.0
10143,1994.0
2090,2002.0
4203,2004.0
18156,1986.0
14395,1987.0
18499,1996.0
14446,1999.0
5743,1994.0
3745,2002.0
466,2002.0
3110,2004.0
8038,2007.0
15343,1996.0
16204,2001.0
11874,2002.0
6273,1994.0
13767,2000.0
6407,1993.0
8667,1985.0
4066,2005.0
12350,2005.0
18921,2000.0
14678,2010.0
17767,2003.0
8920,1993.0
3877,2002.0
16180,2004.0
12468,1999.0
5210,2002.0
18070,2002.0
4732,2005.0
13923,2005.0
3389,2002.0
18147,2007.0
15970,2005.0
19102,1991.0
1475,1983.0
8851,2003.0
13002,1995.0
181,1994.0
16272,2006.0
10982,2001.0
5215,2000.0
190,2000.0
457,2007.0
17152,2005.0
7489,1993.0
10494,1996.0
6019,2001.0
1222,1997.0
936,2000.0
5056,2000.0
18469,2003.0
10482,2001.0
2949,1999.0
10707,1982.0
19212,2002.0
7649,2004.0
1775,1996.0
1040,1992.0
3527,2004.0
14309,2003.0
11111,1987.0
12798,1999.0
12902,2004.0
18558,2001.0
11546,2005.0
938,2003.0
17993,2000.0
7690,2003.0
6357,2005.0
588,2004.0
13895,2000.0
13513,2002.0
19256,2006.0
15890,2004.0
15132,2002.0
6324,2003.0
4669,2002.0
5068,2002.0
13735,2001.0
12197,1997.0
3378,2005.0
8174,2003.0
11574,2002.0
16413,1997.0
3104,1999.0
994,2005.0
17376,1991.0
1201,2005.0
13547,1990.0
10577,1984.0
19986,2004.0
1832,2005.0
3989,2003.0
16225,2002.0
3512,1990.0
17695,1997.0
19699,2003.0
14991,1994.0
3095,1998.0
8826,2001.0
14352,2003.0
2943,1994.0
12625,2004.0
1543,2003.0
1188,2001.0
2910,2002.0
12142,1994.0
5252,2008.0
16827,1990.0
11495,1992.0
17365,2002.0
3342,2002.0
8097,2004.0
18473,2003.0
12743,2002.0
5245,1982.0
9460,1994.0
10303,2006.0
18253,1989.0
310,1990.0
8605,1995.0
1810,1997.0
15989,1998.0
4766,1996.0
6158,2003.0
6194,1991.0
1500,1999.0
1677,2005.0
16769,1998.0
2041,2003.0
12826,2001.0
5302,1991.0
5623,2004.0
5560,2001.0
17916,1986.0
12559,2003.0
15138,2003.0
6972,2003.0
6729,2008.0
13540,2000.0
3788,2005.0
6166,1995.0
5353,2000.0
18205,2003.0
3554,1994.0
16454,2001.0
2133,2003.0
19700,2004.0
2195,2000.0
18684,2002.0
12484,1999.0
13253,1997.0
18598,2003.0
15568,2003.0
2424,2000.0
662,1993.0
5099,2000.0
14443,2001.0
9035,1997.0
2252,2001.0
9753,2000.0
7850,1992.0
14496,1999.0
4052,1982.0
13195,2002.0
8408,2003.0
6519,2001.0
9304,1999.0
928,2005.0
1931,2002.0
5638,2001.0
9996,1977.0
13964,1998.0
12547,2004.0
3132,2008.0
16186,2003.0
5510,2001.0
15815,1979.0
6012,2005.0
9077,1999.0
13727,1997.0
11290,1989.0
18925,2002.0
1334,1985.0
10024,2003.0
18602,1995.0
15760,2003.0
4748,2003.0
7076,2000.0
15145,2001.0
7451,1998.0
8758,2003.0
9046,2002.0
1700,2005.0
1632,2002.0
8014,2005.0
6396,2001.0
7203,2004.0
13988,1985.0
9276,1997.0
19431,1996.0
5680,1996.0
1290,2002.0
13311,2001.0
17358,2006.0
19467,1999.0
17547,1998.0
15426,1994.0
4095,2001.0
3730,2004.0
7081,1999.0
9979,2003.0
10781,2002.0
9139,2003.0
10669,2004.0
73,2005.0
3258,2001.0
16904,2000.0
18767,2004.0
500,1995.0
18566,2004.0
9719,1995.0
9888,1987.0
2543,2004.0
5032,1995.0
50,2006.0
3158,2005.0
8210,2002.0
3047,2000.0
15638,2001.0
2691,1999.0
16582,1999.0
4437,2003.0
396,1985.0
14604,1991.0
12629,1985.0
17323,1995.0
8265,1999.0
13327,2005.0
8018,2000.0
14337,2002.0
5969,2006.0
8837,1999.0
11277,1989.0
19568,2006.0
17344,2000.0
14869,2005.0
14252,2004.0
3946,2000.0
9090,2001.0
9190,1995.0
4119,1997.0
4455,2006.0
14138,2003.0
206,1991.0
3843,2002.0
13894,1997.0
17583,1965.0
9824,2004.0
5502,2003.0
7274,2008.0
9043,2002.0
14060,2004.0
11740,2003.0
3749,1997.0
4727,2003.0
10910,2006.0
17032,2002.0
6000,1992.0
12959,1999.0
14129,2006.0
10538,2001.0
12526,1987.0
2683,2001.0
3409,1984.0
13102,1997.0
6789,2004.0
19528,1999.0
17058,1998.0
5661,1978.0
332,1991.0
19430,1999.0
16509,1992.0
4132,1993.0
14266,1981.0
15774,2005.0
19656,1989.0
9493,2000.0
9967,2005.0
17367,2005.0
6861,1982.0
13613,2002.0
2249,2004.0
6085,2003.0
16960,1989.0
8709,2000.0
15681,2001.0
13199,1996.0
9481,1996.0
7283,2002.0
9359,2003.0
6599,2001.0
5658,1975.0
14457,1989.0
14441,2000.0
52,1998.0
305,2004.0
13837,1993.0
11596,2003.0
12038,1986.0
5259,2003.0
18075,1988.0
5432,2003.0
11792,2004.0
2184,2004.0
3400,1997.0
10381,2005.0
12850,2002.0
19126,1989.0
12294,2006.0
644,2000.0
16306,2005.0
330,2005.0
10586,2005.0
10209,1983.0
5340,2002.0
4088,1995.0
7206,2000.0
19241,2000.0
11244,1986.0
12892,2001.0
2823,1997.0
7842,2006.0
10895,2005.0
12286,1994.0
1383,1988.0
11464,2004.0
6375,2002.0
2455,2002.0
10085,2004.0
17216,1996.0
18573,2005.0
5862,2000.0
12404,1982.0
16916,2003.0
1737,1993.0
16707,1990.0
15493,2001.0
19073,2005.0
17907,1997.0
11519,1998.0
6147,2003.0
9938,2000.0
16392,1999.0
7782,1994.0
11453,2004.0
8248,2004.0
3598,1986.0
18431,2003.0
758,1985.0
3326,1997.0
280,1997.0
16589,1976.0
16793,2003.0
4750,2003.0
10142,2001.0
69,2002.0
2715,2003.0
17285,2000.0
19279,2003.0
16445,2003.0
5624,2001.0
9491,2002.0
18855,2003.0
19982,1995.0
6346,2006.0
10807,1987.0
11909,1981.0
6223,1996.0
11704,2004.0
334,2003.0
2293,2002.0
18242,2001.0
11732,2005.0
19495,2004.0
16979,2003.0
1308,2000.0
11713,2005.0
3321,1999.0
6750,2005.0
11346,1995.0
15470,1979.0
4156,1979.0
4675,1992.0
5009,1991.0
668,2002.0
3423,2004.0
109,2002.0
3221,2003.0
10949,2003.0
972,1985.0
12492,2004.0
14033,2002.0
9847,2005.0
19938,1999.0
12111,1985.0
17999,1987.0
5929,2004.0
15293,2003.0
7469,1997.0
6586,1986.0
17875,1986.0
17290,2002.0
